playerID,yearID,stint,teamID,lgID,POS,G,GS,InnOuts,PO,A,E,DP,PB,WP,SB,CS,ZR
aardsda01,2015,1,ATL,NL,P,33,0,92,0,1,1,0,,,,,
abadfe01,2015,1,OAK,AL,P,62,0,143,2,4,0,0,,,,,
abreujo02,2015,1,CHA,AL,1B,115,115,3051,952,60,11,100,,,,,
achteaj01,2015,1,MIN,AL,P,11,0,40,1,0,1,0,,,,,
ackledu01,2015,1,SEA,AL,2B,1,1,27,3,4,0,0,,,,,
ackledu01,2015,1,SEA,AL,OF,78,52,1498,99,2,0,1,,,,,
ackledu01,2015,2,NYA,AL,1B,4,3,81,28,2,0,0,,,,,
ackledu01,2015,2,NYA,AL,2B,9,9,189,10,10,1,3,,,,,
ackledu01,2015,2,NYA,AL,OF,4,2,57,3,0,0,0,,,,,
adamecr01,2015,1,COL,NL,2B,2,2,51,4,7,0,1,,,,,
adamecr01,2015,1,COL,NL,SS,13,11,279,15,30,2,8,,,,,
adamsau01,2015,1,CLE,AL,P,28,0,100,0,4,0,0,,,,,
adamsma01,2015,1,SLN,NL,1B,46,42,1056,321,32,3,30,,,,,
adcocna01,2015,1,CIN,NL,P,13,0,54,2,3,1,0,,,,,
adriaeh01,2015,1,SFN,NL,1B,1,1,27,5,0,0,0,,,,,
adriaeh01,2015,1,SFN,NL,2B,20,13,389,27,42,2,11,,,,,
adriaeh01,2015,1,SFN,NL,3B,1,1,21,1,2,0,0,,,,,
adriaeh01,2015,1,SFN,NL,SS,20,16,455,24,54,1,13,,,,,
affelje01,2015,1,SFN,NL,P,52,0,106,3,6,0,0,,,,,
aguilje01,2015,1,CLE,AL,1B,4,4,108,26,3,0,1,,,,,
ahmedni01,2015,1,ARI,NL,SS,129,116,3127,190,368,13,84,,,,,
alberan01,2015,1,TOR,AL,P,1,0,8,0,0,0,0,,,,,
alberha01,2015,1,TEX,AL,2B,24,21,570,40,73,2,14,,,,,
alberha01,2015,1,TEX,AL,3B,7,2,77,2,3,0,0,,,,,
alberha01,2015,1,TEX,AL,SS,8,3,102,4,13,0,3,,,,,
alberma01,2015,1,CHA,AL,P,30,0,112,3,8,1,1,,,,,
albural01,2015,1,DET,AL,P,67,0,186,5,9,0,2,,,,,
alcanar01,2015,1,CHN,NL,2B,8,6,171,14,18,1,2,,,,,
alcanar01,2015,1,CHN,NL,3B,2,1,30,1,1,0,0,,,,,
alexasc01,2015,1,KCA,AL,P,4,0,18,1,1,0,0,,,,,
allenco01,2015,1,CLE,AL,P,70,0,208,2,4,0,0,,,,,
almonab01,2015,1,SDN,NL,OF,14,10,272,12,0,0,0,,,,,
almonab01,2015,2,CLE,AL,OF,50,49,1321,123,2,0,1,,,,,
almonmi01,2015,1,KCA,AL,P,9,0,26,1,1,0,0,,,,,
alonsyo01,2015,1,SDN,NL,1B,102,92,2479,817,54,3,71,,,,,
alonsyo01,2015,1,SDN,NL,3B,2,2,42,0,2,0,0,,,,,
altheaa01,2015,1,PHI,NL,OF,37,35,970,80,3,0,1,,,,,
altuvjo01,2015,1,HOU,AL,2B,153,153,3992,247,417,5,81,,,,,
alvarda01,2015,1,NYN,NL,P,6,0,11,0,0,0,0,,,,,
alvarda02,2015,1,BAL,AL,OF,12,10,243,16,1,0,1,,,,,
alvarhe01,2015,1,MIA,NL,P,4,4,67,3,4,1,0,,,,,
alvarjo02,2015,1,LAA,AL,P,64,0,201,6,8,0,1,,,,,
alvarpe01,2015,1,PIT,NL,1B,124,119,2719,966,68,23,98,,,,,
alvarrj01,2015,1,OAK,AL,P,21,0,60,2,1,0,0,,,,,
amarial01,2015,1,SDN,NL,2B,11,5,152,9,18,0,1,,,,,
amarial01,2015,1,SDN,NL,3B,2,0,27,1,1,0,0,,,,,
amarial01,2015,1,SDN,NL,OF,18,3,168,8,0,0,0,,,,,
amarial01,2015,1,SDN,NL,P,1,0,1,0,0,0,0,,,,,
amarial01,2015,1,SDN,NL,SS,85,79,2014,121,221,12,52,,,,,
anderbr04,2015,1,LAN,NL,P,31,31,541,4,47,0,1,,,,,
anderbr05,2015,1,OAK,AL,C,3,2,51,10,2,1,0,0,,2,0,
anderch01,2015,1,ARI,NL,P,27,27,458,8,14,2,2,,,,,
anderco01,2015,1,CLE,AL,P,15,15,274,8,15,0,1,,,,,
andrima01,2015,1,TBA,AL,P,25,8,197,4,5,0,1,,,,,
andruel01,2015,1,TEX,AL,SS,160,159,4214,248,516,22,114,,,,,
aokino01,2015,1,SFN,NL,OF,87,85,2189,136,4,0,0,,,,,
araujel01,2015,1,PHI,NL,P,40,0,104,1,6,0,2,,,,,
archech01,2015,1,TBA,AL,P,34,34,636,5,22,2,3,,,,,
arciaos01,2015,1,MIN,AL,OF,19,18,438,37,0,1,0,,,,,
arenano01,2015,1,COL,NL,3B,157,156,4086,105,385,17,42,,,,,
arencjp01,2015,1,TBA,AL,C,23,18,459,148,12,1,0,1,,14,7,
ariasjo01,2015,1,SFN,NL,1B,2,1,32,13,0,0,3,,,,,
ariasjo01,2015,1,SFN,NL,2B,2,1,30,3,3,0,0,,,,,
ariasjo01,2015,1,SFN,NL,3B,8,1,82,2,5,0,1,,,,,
ariasjo01,2015,1,SFN,NL,SS,8,6,144,4,26,4,2,,,,,
armstsh01,2015,1,CLE,AL,P,8,0,24,0,0,0,0,,,,,
arojo01,2015,1,BOS,AL,P,6,0,31,1,0,0,0,,,,,
arrieja01,2015,1,CHN,NL,P,33,33,687,33,49,4,5,,,,,
ascheco01,2015,1,PHI,NL,3B,51,51,1304,26,97,8,13,,,,,
ascheco01,2015,1,PHI,NL,OF,63,61,1568,107,3,2,1,,,,,
asheral01,2015,1,PHI,NL,P,7,7,87,3,3,0,0,,,,,
ashlene01,2015,1,MIL,NL,C,8,5,124,41,3,0,0,0,,2,1,
atchisc01,2015,1,CLE,AL,P,23,0,59,1,2,0,0,,,,,
aumonph01,2015,1,PHI,NL,P,1,1,12,0,0,0,0,,,,,
avilaal01,2015,1,DET,AL,1B,23,13,402,120,9,1,12,,,,,
avilaal01,2015,1,DET,AL,C,44,43,1097,291,18,0,3,2,,21,11,
avilalu01,2015,1,ATL,NL,P,50,0,113,4,12,1,2,,,,,
avilalu01,2015,2,LAN,NL,P,23,0,47,2,1,0,0,,,,,
avilemi01,2015,1,CLE,AL,2B,11,9,234,11,39,1,8,,,,,
avilemi01,2015,1,CLE,AL,3B,28,22,582,17,35,5,3,,,,,
avilemi01,2015,1,CLE,AL,OF,39,28,770,54,1,1,0,,,,,
avilemi01,2015,1,CLE,AL,SS,23,20,516,19,52,3,10,,,,,
axelrdy01,2015,1,CIN,NL,P,6,0,37,0,1,0,0,,,,,
axforjo01,2015,1,COL,NL,P,60,0,167,6,8,1,1,,,,,
aybarer01,2015,1,LAA,AL,SS,154,154,4007,244,359,17,71,,,,,
badenbu01,2015,1,CIN,NL,P,68,0,199,3,9,0,0,,,,,
baezja01,2015,1,CHN,NL,1B,1,0,3,0,0,0,0,,,,,
baezja01,2015,1,CHN,NL,2B,17,5,179,13,16,1,7,,,,,
baezja01,2015,1,CHN,NL,3B,11,6,192,5,19,1,1,,,,,
baezja01,2015,1,CHN,NL,SS,8,5,135,7,14,0,3,,,,,
baezpe01,2015,1,LAN,NL,P,52,0,153,1,4,1,1,,,,,
bailean01,2015,1,NYA,AL,P,10,0,26,2,2,0,0,,,,,
baileho02,2015,1,CIN,NL,P,2,2,34,1,2,0,0,,,,,
bakerje03,2015,1,MIA,NL,1B,17,14,345,115,2,2,7,,,,,
bakerje03,2015,1,MIA,NL,2B,1,1,9,1,2,0,0,,,,,
bakerje03,2015,1,MIA,NL,3B,1,0,3,0,0,0,0,,,,,
bakerje03,2015,1,MIA,NL,OF,1,0,6,0,0,0,0,,,,,
bakersc02,2015,1,LAN,NL,P,2,2,33,1,1,0,0,,,,,
balesco01,2015,1,CIN,NL,P,15,0,47,1,0,0,0,,,,,
balfogr01,2015,1,TBA,AL,P,6,0,13,0,0,0,0,,,,,
bandyje01,2015,1,LAA,AL,C,1,0,3,1,1,0,0,0,,0,0,
banuema01,2015,1,ATL,NL,P,7,6,79,0,2,1,0,,,,,
barmecl01,2015,1,SDN,NL,1B,1,0,6,4,0,0,0,,,,,
barmecl01,2015,1,SDN,NL,SS,89,51,1528,87,167,8,28,,,,,
barneau01,2015,1,LAN,NL,2B,1,1,18,0,1,0,0,,,,,
barneau01,2015,1,LAN,NL,3B,1,0,9,0,0,0,0,,,,,
barneau01,2015,1,LAN,NL,C,11,7,208,57,5,0,0,1,,7,1,
barnebr02,2015,1,COL,NL,OF,97,67,1914,134,4,2,2,,,,,
barneda01,2015,1,LAN,NL,3B,1,0,5,0,0,0,0,,,,,
barneda01,2015,1,LAN,NL,SS,1,1,21,0,3,0,0,,,,,
barneda01,2015,2,TOR,AL,2B,15,6,201,10,23,1,3,,,,,
barnema01,2015,1,BOS,AL,P,32,2,129,4,3,0,0,,,,,
barnhtu01,2015,1,CIN,NL,C,73,67,1794,492,42,2,0,4,,37,15,
barnhtu01,2015,1,CIN,NL,OF,1,0,3,0,0,0,0,,,,,
baronst01,2015,1,SEA,AL,C,4,4,87,34,1,0,0,0,,2,0,
barraky01,2015,1,MIA,NL,P,25,0,73,1,2,1,0,,,,,
barreaa01,2015,1,WAS,NL,P,40,0,88,2,3,2,1,,,,,
barriyh01,2015,1,MIL,NL,P,5,0,20,0,1,0,0,,,,,
bassan01,2015,1,TEX,AL,P,33,0,192,6,8,1,2,,,,,
bassich01,2015,1,OAK,AL,P,18,13,258,5,9,1,1,,,,,
bastaan01,2015,1,PIT,NL,P,66,0,172,0,4,1,0,,,,,
bauertr01,2015,1,CLE,AL,P,31,30,528,12,13,1,3,,,,,
bautijo02,2015,1,TOR,AL,OF,118,118,3116,224,4,3,1,,,,,
baxtemi01,2015,1,CHN,NL,1B,2,1,33,16,1,0,1,,,,,
baxtemi01,2015,1,CHN,NL,OF,11,8,238,15,0,1,0,,,,,
beachbr01,2015,1,LAN,NL,P,2,2,24,1,0,0,0,,,,,
beckch02,2015,1,CHA,AL,P,1,1,18,0,2,0,0,,,,,
beckhgo01,2015,1,CHA,AL,2B,11,7,204,22,25,0,10,,,,,
beckhgo01,2015,1,CHA,AL,3B,76,39,1287,24,96,3,7,,,,,
beckhgo01,2015,1,CHA,AL,SS,5,4,105,9,13,1,6,,,,,
beckhti01,2015,1,TBA,AL,2B,38,21,621,31,59,5,13,,,,,
beckhti01,2015,1,TBA,AL,3B,1,1,27,2,2,0,0,,,,,
beckhti01,2015,1,TBA,AL,SS,28,22,623,23,52,2,10,,,,,
bedroca01,2015,1,LAA,AL,P,34,0,100,2,4,0,0,,,,,
beeleda01,2015,1,CHN,NL,P,3,3,25,1,2,0,0,,,,,
beimejo01,2015,1,SEA,AL,P,53,0,142,1,14,0,2,,,,,
belisma01,2015,1,SLN,NL,P,34,0,101,1,7,0,0,,,,,
belisro01,2015,1,TBA,AL,P,6,0,24,0,0,0,0,,,,,
belivje01,2015,1,TBA,AL,P,5,0,8,0,0,0,0,,,,,
bellaan01,2015,1,TBA,AL,P,17,0,70,0,2,1,1,,,,,
beltbr01,2015,1,SFN,NL,1B,120,117,3150,1060,71,3,91,,,,,
beltbr01,2015,1,SFN,NL,OF,14,13,289,16,0,2,0,,,,,
beltrad01,2015,1,TEX,AL,3B,142,142,3713,105,267,17,28,,,,,
beltrca01,2015,1,NYA,AL,OF,123,120,2905,166,5,3,3,,,,,
benoijo01,2015,1,SDN,NL,P,67,0,196,3,8,0,0,,,,,
bergmch01,2015,1,COL,NL,P,30,4,205,5,10,0,2,,,,,
bernido01,2015,1,MIN,AL,2B,2,0,9,0,3,0,1,,,,,
bernido01,2015,1,MIN,AL,3B,2,1,30,0,1,0,0,,,,,
berryqu01,2015,1,CHN,NL,OF,5,0,27,0,0,0,0,,,,,
betande01,2015,1,NYA,AL,P,74,0,252,5,8,0,0,,,,,
betanra01,2015,1,COL,NL,P,45,0,118,2,1,0,0,,,,,
bethach01,2015,1,ATL,NL,C,42,41,1071,305,22,4,4,8,,11,9,
bettich01,2015,1,COL,NL,P,20,20,345,12,11,0,0,,,,,
bettsmo01,2015,1,BOS,AL,OF,144,141,3762,358,10,5,2,,,,,
biancje01,2015,1,BOS,AL,3B,2,0,18,0,2,0,0,,,,,
biancje01,2015,1,BOS,AL,SS,1,0,3,1,1,0,1,,,,,
billich01,2015,1,PHI,NL,P,7,7,111,2,6,1,1,,,,,
birdgr01,2015,1,NYA,AL,1B,46,42,1139,376,24,1,33,,,,,
blackch02,2015,1,COL,NL,OF,155,146,3911,327,9,3,2,,,,,
blairca01,2015,1,OAK,AL,C,11,9,251,57,1,4,0,0,,5,2,
blancan01,2015,1,PHI,NL,1B,1,1,24,11,1,0,0,,,,,
blancan01,2015,1,PHI,NL,2B,22,14,427,28,53,2,14,,,,,
blancan01,2015,1,PHI,NL,3B,36,25,749,19,49,3,3,,,,,
blancan01,2015,1,PHI,NL,SS,10,7,195,8,23,1,4,,,,,
blancgr01,2015,1,SFN,NL,OF,93,78,2198,183,1,3,0,,,,,
blankky01,2015,1,TEX,AL,1B,13,13,342,105,6,0,10,,,,,
blankky01,2015,1,TEX,AL,OF,3,3,75,5,0,0,0,,,,,
blantjo01,2015,1,KCA,AL,P,15,4,125,4,6,0,0,,,,,
blantjo01,2015,2,PIT,NL,P,21,0,103,3,2,1,0,,,,,
blazemi01,2015,1,MIL,NL,P,45,0,167,5,9,1,0,,,,,
blevije01,2015,1,NYN,NL,P,7,0,15,0,1,0,0,,,,,
bloomwi01,2015,1,SEA,AL,1B,3,3,73,24,1,0,4,,,,,
bloomwi01,2015,1,SEA,AL,2B,8,2,93,6,6,0,2,,,,,
bloomwi01,2015,1,SEA,AL,3B,5,2,72,1,5,0,0,,,,,
bloomwi01,2015,1,SEA,AL,OF,7,4,111,4,1,0,0,,,,,
bloomwi01,2015,1,SEA,AL,SS,7,5,117,6,14,0,1,,,,,
bochybr02,2015,1,SFN,NL,P,4,0,9,0,0,0,0,,,,,
boescbr01,2015,1,CIN,NL,OF,23,15,433,36,0,0,0,,,,,
bogaexa01,2015,1,BOS,AL,SS,156,154,4081,236,429,11,95,,,,,
bogusbr01,2015,1,PHI,NL,OF,16,14,386,30,2,3,1,,,,,
bolsimi01,2015,1,LAN,NL,P,21,21,328,8,7,3,1,,,,,
bonifem01,2015,1,CHA,AL,2B,17,11,313,27,37,3,11,,,,,
bonifem01,2015,1,CHA,AL,3B,1,0,3,0,0,0,0,,,,,
bonifem01,2015,1,CHA,AL,OF,5,1,45,3,0,0,0,,,,,
bourgja01,2015,1,CIN,NL,OF,48,40,1110,85,2,2,0,,,,,
bourjpe01,2015,1,SLN,NL,OF,93,41,1430,125,1,1,1,,,,,
bourju01,2015,1,MIA,NL,1B,111,101,2699,836,47,6,106,,,,,
bournmi01,2015,1,CLE,AL,OF,89,80,2144,182,4,0,2,,,,,
bournmi01,2015,2,ATL,NL,OF,42,35,987,91,3,1,1,,,,,
boxbebr01,2015,1,TBA,AL,P,69,0,189,1,6,2,0,,,,,
boydma01,2015,1,TOR,AL,P,2,2,20,0,2,0,0,,,,,
boydma01,2015,2,DET,AL,P,11,10,152,1,5,1,0,,,,,
boyerbl01,2015,1,MIN,AL,P,68,0,195,7,13,2,1,,,,,
brachbr01,2015,1,BAL,AL,P,62,0,238,3,6,1,1,,,,,
brachsi01,2015,1,ARI,NL,P,13,0,37,1,0,0,0,,,,,
bradlar01,2015,1,ARI,NL,P,8,8,107,4,2,0,0,,,,,
bradlja02,2015,1,BOS,AL,OF,73,66,1825,159,4,1,2,,,,,
brantmi02,2015,1,CLE,AL,OF,118,118,3104,212,8,2,1,,,,,
brantro01,2015,1,CHA,AL,C,14,9,261,82,3,0,1,2,,1,3,
braunry02,2015,1,MIL,NL,OF,130,128,3363,205,5,2,1,,,,,
breslcr01,2015,1,BOS,AL,P,45,2,195,3,5,1,1,,,,,
brettry01,2015,1,TBA,AL,2B,3,1,24,3,3,1,1,,,,,
brighja01,2015,1,ATL,NL,P,12,0,50,0,0,0,0,,,,,
brignre01,2015,1,MIA,NL,3B,2,1,30,1,0,0,0,,,,,
britoso01,2015,1,ARI,NL,OF,7,5,156,15,2,0,1,,,,,
brittza01,2015,1,BAL,AL,P,64,0,197,5,21,0,0,,,,,
broadmi01,2015,1,SFN,NL,P,21,0,52,1,2,0,0,,,,,
brookaa01,2015,1,KCA,AL,P,2,0,13,0,0,0,0,,,,,
brookaa01,2015,2,OAK,AL,P,11,9,153,5,2,0,1,,,,,
brothre01,2015,1,COL,NL,P,17,0,31,0,2,0,1,,,,,
brownbr02,2015,1,COL,NL,P,36,0,99,1,4,0,0,,,,,
browndo01,2015,1,PHI,NL,OF,50,47,1210,99,4,1,1,,,,,
browntr01,2015,1,SFN,NL,C,13,12,324,77,7,1,0,0,,7,2,
broxtjo01,2015,1,MIL,NL,P,40,0,110,4,8,0,0,,,,,
broxtjo01,2015,2,SLN,NL,P,26,0,71,1,5,1,0,,,,,
broxtke01,2015,1,PIT,NL,OF,2,0,7,0,0,0,0,,,,,
bruceja01,2015,1,CIN,NL,OF,150,150,3959,300,11,3,0,,,,,
bryankr01,2015,1,CHN,NL,1B,1,1,18,2,1,0,0,,,,,
bryankr01,2015,1,CHN,NL,3B,144,136,3628,81,249,17,21,,,,,
bryankr01,2015,1,CHN,NL,OF,19,10,294,20,1,0,0,,,,,
buchada01,2015,1,PHI,NL,P,15,15,224,2,5,1,2,,,,,
buchaja01,2015,1,HOU,AL,P,5,0,27,0,1,0,0,,,,,
buchhcl01,2015,1,BOS,AL,P,18,18,340,9,6,2,0,,,,,
buehrma01,2015,1,TOR,AL,P,32,32,596,11,29,3,4,,,,,
bumgama01,2015,1,SFN,NL,P,32,32,655,5,19,1,1,,,,,
burawda01,2015,1,NYA,AL,P,1,0,2,0,0,0,0,,,,,
burawda01,2015,2,ATL,NL,P,12,0,37,0,1,0,0,,,,,
burgoen02,2015,1,ARI,NL,P,30,0,81,0,2,0,0,,,,,
burneaj01,2015,1,PIT,NL,P,26,26,492,11,20,3,1,,,,,
burnsbi02,2015,1,OAK,AL,OF,125,118,3198,280,2,3,2,,,,,
burriem01,2015,1,WAS,NL,2B,1,0,3,0,1,0,0,,,,,
buterdr01,2015,1,LAA,AL,1B,3,0,18,1,0,0,0,,,,,
buterdr01,2015,1,LAA,AL,C,7,7,168,40,5,1,0,0,,8,3,
buterdr01,2015,2,KCA,AL,1B,5,1,54,17,4,0,0,,,,,
buterdr01,2015,2,KCA,AL,C,42,23,680,171,12,3,1,1,,7,6,
butlebi03,2015,1,OAK,AL,1B,7,7,171,49,7,0,4,,,,,
butleed01,2015,1,COL,NL,P,16,16,238,10,15,4,2,,,,,
butlejo04,2015,1,TBA,AL,OF,34,24,649,55,1,1,0,,,,,
buxtoby01,2015,1,MIN,AL,OF,44,35,981,115,2,0,0,,,,,
byrdma01,2015,1,CIN,NL,OF,92,91,2429,173,2,0,0,,,,,
byrdma01,2015,2,SFN,NL,OF,37,35,944,68,2,0,0,,,,,
cabrace01,2015,1,BAL,AL,P,2,0,3,0,0,0,0,,,,,
cabreas01,2015,1,TBA,AL,SS,136,131,3423,150,284,9,51,,,,,
cabreev01,2015,1,BAL,AL,2B,2,2,48,4,5,0,0,,,,,
cabreev01,2015,1,BAL,AL,SS,27,26,673,22,62,3,9,,,,,
cabreme01,2015,1,CHA,AL,OF,150,150,3974,220,8,5,0,,,,,
cabremi01,2015,1,DET,AL,1B,107,107,2797,903,76,4,96,,,,,
cabrera01,2015,1,CIN,NL,C,8,6,150,41,5,0,0,0,,2,3,
cahiltr01,2015,1,ATL,NL,P,15,3,79,4,6,0,0,,,,,
cahiltr01,2015,2,CHN,NL,P,11,0,51,1,4,0,0,,,,,
cainlo01,2015,1,KCA,AL,OF,137,137,3577,391,6,10,2,,,,,
cainma01,2015,1,SFN,NL,P,13,11,182,2,4,0,0,,,,,
calhoko01,2015,1,LAA,AL,1B,1,0,3,1,0,0,0,,,,,
calhoko01,2015,1,LAA,AL,OF,157,157,4151,342,11,4,1,,,,,
calixor01,2015,1,KCA,AL,SS,1,0,12,0,2,0,0,,,,,
callaal01,2015,1,ATL,NL,2B,4,4,88,11,12,0,4,,,,,
callaal01,2015,1,ATL,NL,3B,28,24,630,9,44,3,4,,,,,
callaal01,2015,2,LAN,NL,3B,37,26,767,17,48,2,4,,,,,
caminar01,2015,1,PIT,NL,P,73,0,224,2,9,0,0,,,,,
campber01,2015,1,NYN,NL,1B,5,3,83,30,3,0,4,,,,,
campber01,2015,1,NYN,NL,3B,48,39,1094,28,65,8,5,,,,,
campber01,2015,1,NYN,NL,OF,4,3,118,8,1,0,0,,,,,
campole01,2015,1,SDN,NL,P,1,0,3,0,0,0,0,,,,,
canhama01,2015,1,OAK,AL,1B,75,57,1613,491,47,4,58,,,,,
canhama01,2015,1,OAK,AL,3B,1,0,6,0,2,0,0,,,,,
canhama01,2015,1,OAK,AL,OF,61,49,1268,107,0,2,0,,,,,
canoro01,2015,1,SEA,AL,2B,149,149,3949,287,403,6,104,,,,,
cappsca01,2015,1,MIA,NL,P,30,0,93,1,5,0,1,,,,,
capuach01,2015,1,NYA,AL,P,22,4,122,0,10,0,2,,,,,
carlybu01,2015,1,NYN,NL,P,11,0,24,2,0,0,0,,,,,
carmofa01,2015,1,HOU,AL,P,20,11,254,6,12,0,0,,,,,
carpeda01,2015,1,NYA,AL,P,22,0,56,1,2,1,0,,,,,
carpeda01,2015,2,WAS,NL,P,8,0,18,1,0,0,0,,,,,
carpeda02,2015,1,ATL,NL,P,4,0,11,1,0,0,0,,,,,
carpema01,2015,1,SLN,NL,1B,3,1,31,13,1,0,2,,,,,
carpema01,2015,1,SLN,NL,2B,11,9,176,12,19,0,4,,,,,
carpema01,2015,1,SLN,NL,3B,146,141,3732,77,234,14,25,,,,,
carraca01,2015,1,CLE,AL,P,30,30,551,8,14,0,1,,,,,
carreez01,2015,1,TOR,AL,OF,81,44,1370,97,1,2,0,,,,,
carrosc02,2015,1,CHA,AL,P,18,0,110,2,4,1,0,,,,,
cartech02,2015,1,HOU,AL,1B,115,105,2740,911,67,8,85,,,,,
casalcu01,2015,1,TBA,AL,C,37,32,826,241,15,1,4,0,,19,7,
cashnan01,2015,1,SDN,NL,P,31,31,554,9,34,1,3,,,,,
casteni01,2015,1,DET,AL,3B,145,142,3527,92,249,12,27,,,,,
castiru01,2015,1,BOS,AL,OF,75,67,1843,152,6,5,0,,,,,
castiwe01,2015,1,CHN,NL,C,9,8,192,56,0,2,1,1,,1,0,
castiwe01,2015,2,SEA,AL,C,5,4,139,39,1,0,1,1,,3,0,
castiwe01,2015,3,ARI,NL,C,74,71,1879,511,34,5,2,5,,29,11,
castran01,2015,1,OAK,AL,P,5,0,12,0,0,0,0,,,,,
castrda01,2015,1,ATL,NL,2B,12,12,297,23,39,0,13,,,,,
castrda01,2015,1,ATL,NL,3B,5,1,57,3,3,1,3,,,,,
castrda01,2015,1,ATL,NL,SS,10,8,231,12,23,0,10,,,,,
castrja01,2015,1,HOU,AL,C,103,102,2650,777,62,1,5,7,,42,24,
castrmi01,2015,1,TOR,AL,P,13,0,37,0,0,0,0,,,,,
castrmi01,2015,2,COL,NL,P,5,0,16,0,2,0,0,,,,,
castrsi01,2015,1,COL,NL,P,11,0,31,0,1,0,0,,,,,
castrst01,2015,1,CHN,NL,2B,38,29,774,47,85,6,20,,,,,
castrst01,2015,1,CHN,NL,SS,109,104,2829,143,323,18,58,,,,,
cecchga01,2015,1,BOS,AL,1B,1,0,12,4,1,0,1,,,,,
cecilbr01,2015,1,TOR,AL,P,63,0,163,3,5,1,0,,,,,
cecilda01,2015,1,NYN,NL,OF,21,13,388,36,2,0,1,,,,,
cedenxa01,2015,1,WAS,NL,P,5,0,9,0,0,0,0,,,,,
cedenxa01,2015,2,TBA,AL,P,61,0,129,2,8,1,1,,,,,
centeju01,2015,1,MIL,NL,C,7,5,138,44,3,1,0,1,,3,0,
cervefr01,2015,1,PIT,NL,C,128,124,3299,992,82,7,6,10,,101,29,
cespeyo01,2015,1,DET,AL,OF,99,99,2597,204,9,5,1,,,,,
cespeyo01,2015,2,NYN,NL,OF,54,53,1407,124,4,2,0,,,,,
chacijh01,2015,1,ARI,NL,P,5,4,80,2,4,0,0,,,,,
chafian01,2015,1,ARI,NL,P,66,0,225,4,10,1,1,,,,,
chambjo03,2015,1,DET,AL,P,30,0,66,2,2,0,0,,,,,
chambjo03,2015,2,KCA,AL,P,6,0,17,1,1,0,0,,,,,
chapmar01,2015,1,CIN,NL,P,65,0,199,1,2,0,0,,,,,
chapmke02,2015,1,HOU,AL,P,3,0,16,0,1,0,0,,,,,
chaveje01,2015,1,OAK,AL,P,30,26,471,10,10,2,0,,,,,
chenbr01,2015,1,CLE,AL,P,2,2,19,0,0,0,0,,,,,
chenwe02,2015,1,BAL,AL,P,31,31,574,12,22,2,4,,,,,
chiriro01,2015,1,TEX,AL,C,78,73,1935,474,31,6,2,4,,29,12,
chiselo01,2015,1,CLE,AL,3B,50,45,1217,30,101,5,12,,,,,
chiselo01,2015,1,CLE,AL,OF,51,40,1063,87,5,1,2,,,,,
choatra01,2015,1,SLN,NL,P,71,0,82,5,9,0,1,,,,,
choicmi01,2015,1,TEX,AL,OF,1,0,9,0,0,1,0,,,,,
choosh01,2015,1,TEX,AL,OF,148,144,3786,315,5,5,2,,,,,
cingrto01,2015,1,CIN,NL,P,35,1,100,0,6,0,1,,,,,
ciriape01,2015,1,ATL,NL,1B,2,2,48,14,1,0,4,,,,,
ciriape01,2015,1,ATL,NL,2B,7,5,138,13,15,0,7,,,,,
ciriape01,2015,1,ATL,NL,3B,24,8,305,11,16,1,1,,,,,
ciriape01,2015,1,ATL,NL,OF,1,0,6,1,0,0,0,,,,,
ciriape01,2015,1,ATL,NL,SS,9,9,207,12,21,0,5,,,,,
cishest01,2015,1,MIA,NL,P,32,0,96,4,5,1,0,,,,,
cishest01,2015,2,SLN,NL,P,27,0,70,0,2,1,0,,,,,
claudal01,2015,1,TEX,AL,P,18,0,47,2,4,0,1,,,,,
clevest01,2015,1,BAL,AL,1B,1,0,6,4,0,0,0,,,,,
clevest01,2015,1,BAL,AL,C,9,6,168,43,3,0,0,1,,4,1,
clippty01,2015,1,OAK,AL,P,37,0,116,1,2,0,0,,,,,
clippty01,2015,2,NYN,NL,P,32,0,97,2,4,0,1,,,,,
coghlch01,2015,1,CHN,NL,1B,5,0,39,19,0,0,3,,,,,
coghlch01,2015,1,CHN,NL,2B,15,11,236,14,20,1,1,,,,,
coghlch01,2015,1,CHN,NL,3B,3,1,30,1,0,0,0,,,,,
coghlch01,2015,1,CHN,NL,OF,119,107,2696,164,9,0,0,,,,,
cokeph01,2015,1,CHN,NL,P,16,0,30,2,3,1,0,,,,,
cokeph01,2015,2,TOR,AL,P,2,0,8,0,1,0,0,,,,,
colabch01,2015,1,TOR,AL,1B,34,29,720,248,11,1,24,,,,,
colabch01,2015,1,TOR,AL,OF,46,46,1095,70,0,3,0,,,,,
coleaj01,2015,1,WAS,NL,P,3,1,28,0,3,1,0,,,,,
colege01,2015,1,PIT,NL,P,32,32,624,10,37,0,1,,,,,
colemdu01,2015,1,KCA,AL,3B,2,1,27,1,2,0,0,,,,,
colemlo01,2015,1,KCA,AL,P,4,0,9,0,1,0,1,,,,,
collity01,2015,1,DET,AL,OF,43,40,1075,73,3,4,1,,,,,
collmjo01,2015,1,ARI,NL,P,44,12,363,17,14,0,0,,,,,
colomal01,2015,1,TBA,AL,P,43,13,329,5,12,0,0,,,,,
colonba01,2015,1,NYN,NL,P,33,31,584,9,32,3,6,,,,,
colonch01,2015,1,KCA,AL,2B,14,8,270,19,25,0,9,,,,,
colonch01,2015,1,KCA,AL,3B,8,6,150,10,13,2,2,,,,,
colonch01,2015,1,KCA,AL,SS,21,14,424,20,47,3,9,,,,,
confomi01,2015,1,NYN,NL,OF,50,48,1169,85,6,0,0,,,,,
congeha01,2015,1,HOU,AL,C,69,56,1544,472,22,4,5,1,,42,1,
congeha01,2015,1,HOU,AL,OF,1,0,6,0,0,0,0,,,,,
conlead01,2015,1,MIA,NL,P,15,11,201,0,9,0,0,,,,,
contrca01,2015,1,CIN,NL,P,22,0,84,3,1,0,0,,,,,
cookry01,2015,1,OAK,AL,P,4,0,13,0,0,0,0,,,,,
cookry01,2015,2,BOS,AL,P,5,0,13,0,0,1,0,,,,,
cooneti01,2015,1,SLN,NL,P,6,6,94,1,5,0,0,,,,,
copelsc01,2015,1,TOR,AL,P,5,3,46,1,4,0,1,,,,,
corbipa01,2015,1,ARI,NL,P,16,16,255,2,18,1,2,,,,,
cordier01,2015,1,MIA,NL,P,8,0,37,0,1,0,0,,,,,
cornejo01,2015,1,ATL,NL,P,1,0,3,0,0,0,0,,,,,
corpoca01,2015,1,TEX,AL,C,31,30,833,219,11,3,2,3,,20,7,
correca01,2015,1,HOU,AL,SS,99,99,2612,112,265,13,41,,,,,
correke01,2015,1,PHI,NL,P,5,5,70,1,1,0,0,,,,,
cosarja01,2015,1,MIA,NL,P,14,13,209,1,19,0,0,,,,,
cothaca01,2015,1,NYA,AL,P,12,0,29,0,0,0,0,,,,,
cottsne01,2015,1,MIL,NL,P,51,0,149,2,5,0,0,,,,,
cottsne01,2015,2,MIN,AL,P,17,0,41,0,0,0,0,,,,,
couloda01,2015,1,LAN,NL,P,5,0,25,0,0,0,0,,,,,
couloda01,2015,2,OAK,AL,P,9,0,23,1,0,0,0,,,,,
cowarka01,2015,1,LAA,AL,3B,33,13,450,10,40,2,4,,,,,
cowgico01,2015,1,LAA,AL,OF,46,17,600,52,2,0,0,,,,,
cozarza01,2015,1,CIN,NL,SS,52,52,1349,79,132,3,30,,,,,
craigal01,2015,1,BOS,AL,1B,6,3,99,29,3,0,3,,,,,
craigal01,2015,1,BOS,AL,OF,16,9,309,26,0,0,0,,,,,
cravyty01,2015,1,MIL,NL,P,14,7,128,2,3,0,0,,,,,
crawfbr01,2015,1,SFN,NL,SS,140,136,3601,191,427,13,89,,,,,
crawfca02,2015,1,LAN,NL,OF,51,42,1040,38,0,0,0,,,,,
crispco01,2015,1,OAK,AL,OF,37,27,760,51,1,0,0,,,,,
crockky01,2015,1,CLE,AL,P,31,0,53,0,2,0,0,,,,,
croncj01,2015,1,LAA,AL,1B,58,54,1382,385,31,6,33,,,,,
cruzne02,2015,1,SEA,AL,OF,80,80,2112,151,6,4,1,,,,,
cruzto03,2015,1,SLN,NL,3B,3,0,18,0,2,0,1,,,,,
cruzto03,2015,1,SLN,NL,C,51,30,861,251,16,0,1,1,,17,3,
cuddymi01,2015,1,NYN,NL,1B,18,15,423,116,11,0,11,,,,,
cuddymi01,2015,1,NYN,NL,OF,75,72,1820,103,4,3,0,,,,,
cuetojo01,2015,1,CIN,NL,P,19,19,392,12,18,0,1,,,,,
cuetojo01,2015,2,KCA,AL,P,13,13,244,9,4,0,1,,,,,
cunnibr02,2015,1,ATL,NL,P,39,0,105,1,3,1,0,,,,,
cunnito01,2015,1,ATL,NL,OF,27,19,552,47,1,0,1,,,,,
cuthbch01,2015,1,KCA,AL,1B,1,0,3,0,0,0,0,,,,,
cuthbch01,2015,1,KCA,AL,2B,1,0,6,1,0,0,0,,,,,
cuthbch01,2015,1,KCA,AL,3B,17,12,345,7,31,1,3,,,,,
danksjo01,2015,1,CHA,AL,P,30,30,533,6,20,3,1,,,,,
danksjo02,2015,1,PHI,NL,OF,1,0,4,0,0,0,0,,,,,
darnach01,2015,1,PHI,NL,3B,1,1,27,2,7,0,2,,,,,
darnach01,2015,1,PHI,NL,SS,3,2,64,3,7,0,1,,,,,
darnatr01,2015,1,NYN,NL,C,64,64,1708,556,25,3,6,1,,29,14,
davieky01,2015,1,NYA,AL,P,1,0,7,0,1,0,0,,,,,
davieza01,2015,1,MIL,NL,P,6,6,102,1,8,0,1,,,,,
davisch02,2015,1,BAL,AL,1B,111,108,2841,882,53,3,77,,,,,
davisch02,2015,1,BAL,AL,OF,30,29,760,39,2,0,0,,,,,
davisik02,2015,1,OAK,AL,1B,65,61,1575,492,41,4,53,,,,,
davisik02,2015,1,OAK,AL,P,2,0,6,0,0,0,0,,,,,
daviskh01,2015,1,MIL,NL,OF,108,107,2614,171,1,5,0,,,,,
davisra01,2015,1,DET,AL,OF,91,67,1907,161,2,2,0,,,,,
daviswa01,2015,1,KCA,AL,P,69,0,202,9,8,1,1,,,,,
deazaal01,2015,1,BAL,AL,OF,27,27,676,56,2,1,0,,,,,
deazaal01,2015,2,BOS,AL,OF,52,41,1162,64,2,0,0,,,,,
deazaal01,2015,3,SFN,NL,OF,17,13,376,33,0,1,0,,,,,
deckeco01,2015,1,SDN,NL,1B,3,1,30,5,2,0,1,,,,,
deckeja01,2015,1,PIT,NL,OF,9,4,156,8,1,2,0,,,,,
deckeja01,2015,1,PIT,NL,P,1,0,3,0,1,0,0,,,,,
dedunsa01,2015,1,HOU,AL,P,9,2,63,2,1,0,0,,,,,
defraju01,2015,1,PHI,NL,P,61,0,240,10,3,2,1,,,,,
degroja01,2015,1,NYN,NL,P,30,30,573,17,32,0,3,,,,,
dejesda01,2015,1,TBA,AL,OF,53,45,1169,89,3,1,0,,,,,
dejesda01,2015,2,LAA,AL,OF,15,10,291,12,0,0,0,,,,,
dejesiv02,2015,1,CIN,NL,1B,4,1,48,9,2,0,1,,,,,
dejesiv02,2015,1,CIN,NL,2B,20,13,400,25,50,0,9,,,,,
dejesiv02,2015,1,CIN,NL,3B,13,6,210,6,15,0,0,,,,,
dejesiv02,2015,1,CIN,NL,OF,18,14,371,30,0,2,0,,,,,
dejesiv02,2015,1,CIN,NL,SS,10,8,241,15,24,3,6,,,,,
delabst01,2015,1,TOR,AL,P,31,0,88,2,2,0,0,,,,,
delarjo01,2015,1,COL,NL,P,26,26,447,5,22,0,0,,,,,
delarru01,2015,1,ARI,NL,P,32,32,566,26,17,0,3,,,,,
delgara01,2015,1,ARI,NL,P,64,1,216,5,7,0,0,,,,,
delosab01,2015,1,WAS,NL,P,2,0,5,0,0,0,0,,,,,
dendema01,2015,1,WAS,NL,OF,38,19,648,33,0,1,0,,,,,
denorch01,2015,1,CHN,NL,OF,75,45,1293,88,5,0,0,,,,,
denorch01,2015,1,CHN,NL,P,1,0,1,0,0,0,0,,,,,
depaujo02,2015,1,NYA,AL,P,1,0,10,0,0,0,0,,,,,
descada01,2015,1,COL,NL,1B,7,2,75,29,1,0,1,,,,,
descada01,2015,1,COL,NL,2B,15,11,298,24,24,3,8,,,,,
descada01,2015,1,COL,NL,3B,5,4,103,3,12,0,1,,,,,
descada01,2015,1,COL,NL,OF,1,0,1,0,0,0,0,,,,,
descada01,2015,1,COL,NL,SS,33,22,652,36,80,5,16,,,,,
desclan01,2015,1,CIN,NL,P,31,31,554,14,21,2,0,,,,,
deshide02,2015,1,TEX,AL,2B,1,0,9,0,3,0,0,,,,,
deshide02,2015,1,TEX,AL,OF,113,110,2780,252,6,6,2,,,,,
desmoia01,2015,1,WAS,NL,SS,155,155,4077,226,417,27,94,,,,,
despaod01,2015,1,SDN,NL,P,34,18,377,5,30,0,0,,,,,
detwiro01,2015,1,TEX,AL,P,17,7,129,3,10,0,0,,,,,
detwiro01,2015,2,ATL,NL,P,24,0,46,1,5,0,0,,,,,
diazja01,2015,1,COL,NL,P,21,0,57,1,1,0,0,,,,,
diazjo02,2015,1,TOR,AL,OF,2,0,18,4,0,0,0,,,,,
diazjo02,2015,1,TOR,AL,SS,6,4,102,5,9,0,1,,,,,
diazju03,2015,1,CIN,NL,P,61,0,181,6,1,0,1,,,,,
dickeal01,2015,1,SDN,NL,OF,1,0,9,1,0,0,0,,,,,
dickeco01,2015,1,COL,NL,OF,55,55,1299,88,1,0,0,,,,,
dickera01,2015,1,TOR,AL,P,33,33,643,11,25,0,1,,,,,
diekmja01,2015,1,PHI,NL,P,41,0,110,0,5,1,1,,,,,
diekmja01,2015,2,TEX,AL,P,26,0,65,1,5,0,0,,,,,
dietrde01,2015,1,MIA,NL,1B,2,0,7,1,1,0,0,,,,,
dietrde01,2015,1,MIA,NL,2B,2,1,24,2,0,0,0,,,,,
dietrde01,2015,1,MIA,NL,3B,26,24,584,6,35,4,4,,,,,
dietrde01,2015,1,MIA,NL,OF,46,45,1064,76,0,2,0,,,,,
difowi01,2015,1,WAS,NL,2B,2,1,9,0,1,0,0,,,,,
dominch01,2015,1,CIN,NL,1B,2,1,30,8,0,0,0,,,,,
dominch01,2015,1,CIN,NL,OF,3,3,75,5,0,0,0,,,,,
dominjo01,2015,1,TBA,AL,P,4,0,17,0,2,0,0,,,,,
donaljo02,2015,1,TOR,AL,3B,150,150,3951,137,287,18,32,,,,,
doolise01,2015,1,OAK,AL,P,12,0,41,0,1,0,1,,,,,
dornda01,2015,1,ARI,NL,1B,2,1,30,7,0,0,0,,,,,
dornda01,2015,1,ARI,NL,OF,3,2,69,3,0,0,0,,,,,
doubrfe01,2015,1,TOR,AL,P,5,4,68,0,3,0,0,,,,,
doubrfe01,2015,2,OAK,AL,P,11,8,158,4,12,0,1,,,,,
doziebr01,2015,1,MIN,AL,2B,157,157,4149,303,456,8,111,,,,,
drabeky01,2015,1,CHA,AL,P,3,0,16,0,0,0,0,,,,,
drakeol01,2015,1,BAL,AL,P,13,0,47,1,3,0,0,,,,,
drewst01,2015,1,NYA,AL,2B,123,94,2677,158,267,7,59,,,,,
drewst01,2015,1,NYA,AL,3B,4,1,39,1,2,0,0,,,,,
drewst01,2015,1,NYA,AL,SS,15,10,266,12,34,2,10,,,,,
drurybr01,2015,1,ARI,NL,2B,6,4,114,11,9,1,3,,,,,
drurybr01,2015,1,ARI,NL,3B,11,8,239,2,14,0,1,,,,,
drurybr01,2015,1,ARI,NL,SS,1,1,18,1,2,0,0,,,,,
dudalu01,2015,1,NYN,NL,1B,129,127,3383,1039,77,3,87,,,,,
duensbr01,2015,1,MIN,AL,P,55,0,146,1,13,1,1,,,,,
duffety01,2015,1,MIN,AL,P,10,10,174,7,4,1,0,,,,,
duffyda01,2015,1,KCA,AL,P,30,24,410,2,18,3,2,,,,,
duffyma01,2015,1,SFN,NL,1B,1,1,9,0,0,0,0,,,,,
duffyma01,2015,1,SFN,NL,2B,9,7,196,13,17,1,5,,,,,
duffyma01,2015,1,SFN,NL,3B,134,129,3451,78,250,12,20,,,,,
duffyma01,2015,1,SFN,NL,SS,3,1,46,0,4,1,1,,,,,
duffyma02,2015,1,HOU,AL,1B,2,0,6,2,0,0,0,,,,,
duffyma02,2015,1,HOU,AL,3B,2,0,24,1,6,0,0,,,,,
dukeza01,2015,1,CHA,AL,P,71,0,182,7,5,1,2,,,,,
dullry01,2015,1,OAK,AL,P,13,0,51,0,0,0,0,,,,,
dunnmi01,2015,1,MIA,NL,P,72,0,162,1,4,0,0,,,,,
duvalad01,2015,1,CIN,NL,1B,4,2,57,17,0,0,2,,,,,
duvalad01,2015,1,CIN,NL,OF,15,15,360,24,0,0,0,,,,,
dykstal01,2015,1,TBA,AL,1B,13,11,261,92,1,2,9,,,,,
dysonja01,2015,1,KCA,AL,OF,79,55,1682,145,8,2,4,,,,,
dysonsa01,2015,1,MIA,NL,P,44,0,132,3,5,3,1,,,,,
dysonsa01,2015,2,TEX,AL,P,31,0,94,1,6,0,0,,,,,
easleed01,2015,1,SLN,NL,C,3,1,42,14,0,0,0,0,,0,0,
eatonad02,2015,1,CHA,AL,OF,145,144,3840,343,8,5,2,,,,,
edwarca01,2015,1,CHN,NL,P,5,0,14,1,1,0,0,,,,,
edwarjo02,2015,1,TEX,AL,P,11,0,18,1,0,0,0,,,,,
edwarjo02,2015,2,SDN,NL,P,11,0,32,0,2,0,0,,,,,
eickhje01,2015,1,PHI,NL,P,8,8,153,6,5,0,0,,,,,
eliasro01,2015,1,SEA,AL,P,22,20,346,0,13,1,0,,,,,
ellinbr02,2015,1,MIA,NL,P,23,0,75,0,5,0,0,,,,,
ellisaj01,2015,1,LAN,NL,C,62,55,1476,515,49,0,3,3,,22,18,
ellsbja01,2015,1,NYA,AL,OF,110,106,2844,232,5,0,2,,,,,
elmorja01,2015,1,TBA,AL,1B,25,22,571,178,7,3,13,,,,,
elmorja01,2015,1,TBA,AL,2B,7,5,135,7,9,0,1,,,,,
elmorja01,2015,1,TBA,AL,3B,9,6,177,6,7,2,3,,,,,
elmorja01,2015,1,TBA,AL,OF,6,3,84,5,0,0,0,,,,,
elmorja01,2015,1,TBA,AL,P,1,0,3,0,0,0,0,,,,,
elmorja01,2015,1,TBA,AL,SS,7,4,137,6,13,0,3,,,,,
encared01,2015,1,TOR,AL,1B,59,59,1444,466,32,3,33,,,,,
eovalna01,2015,1,NYA,AL,P,27,27,463,10,20,0,2,,,,,
erlinro01,2015,1,SDN,NL,P,3,3,51,0,2,1,0,,,,,
escobal02,2015,1,KCA,AL,SS,148,148,3920,217,417,13,80,,,,,
escobed01,2015,1,MIN,AL,2B,11,4,144,8,14,0,2,,,,,
escobed01,2015,1,MIN,AL,3B,5,5,123,3,6,1,1,,,,,
escobed01,2015,1,MIN,AL,OF,36,27,710,60,4,1,1,,,,,
escobed01,2015,1,MIN,AL,SS,71,71,1882,93,190,4,44,,,,,
escobyu01,2015,1,WAS,NL,3B,134,135,3380,56,171,7,14,,,,,
espinda01,2015,1,WAS,NL,1B,5,5,132,34,3,0,4,,,,,
espinda01,2015,1,WAS,NL,2B,81,75,1940,136,240,1,47,,,,,
espinda01,2015,1,WAS,NL,3B,16,8,328,10,18,2,0,,,,,
espinda01,2015,1,WAS,NL,OF,5,2,70,5,0,0,0,,,,,
espinda01,2015,1,WAS,NL,SS,8,5,150,5,17,0,1,,,,,
estrama01,2015,1,TOR,AL,P,34,28,543,10,8,1,0,,,,,
ethiean01,2015,1,LAN,NL,OF,127,106,2759,177,6,4,2,,,,,
evelada01,2015,1,ATL,NL,P,10,0,10,1,0,0,0,,,,,
familje01,2015,1,NYN,NL,P,76,0,234,5,11,0,1,,,,,
farmebu01,2015,1,DET,AL,P,14,5,121,2,5,1,0,,,,,
farquda01,2015,1,SEA,AL,P,43,0,153,3,11,0,0,,,,,
faulkan01,2015,1,TEX,AL,P,11,0,29,1,1,0,0,,,,,
feathta01,2015,1,LAA,AL,2B,33,25,660,48,55,2,12,,,,,
feathta01,2015,1,LAA,AL,3B,39,10,413,9,32,0,3,,,,,
feathta01,2015,1,LAA,AL,SS,22,7,282,21,34,4,4,,,,,
feldmsc01,2015,1,HOU,AL,P,18,18,325,10,20,2,2,,,,,
felizmi01,2015,1,HOU,AL,P,5,0,24,0,0,0,0,,,,,
felizne01,2015,1,TEX,AL,P,18,0,59,0,2,0,0,,,,,
felizne01,2015,2,DET,AL,P,30,0,85,4,1,0,2,,,,,
fernajo02,2015,1,MIA,NL,P,11,11,194,3,1,0,0,,,,,
ferreje01,2015,1,DET,AL,P,9,0,34,1,1,0,0,,,,,
fieldda01,2015,1,DET,AL,OF,1,0,21,2,0,1,0,,,,,
fieldjo03,2015,1,HOU,AL,P,54,0,152,1,4,0,0,,,,,
fieldpr01,2015,1,TEX,AL,1B,18,18,445,134,9,4,15,,,,,
fieldth01,2015,1,TEX,AL,2B,14,12,312,23,41,3,4,,,,,
fieldth01,2015,1,TEX,AL,SS,1,0,12,1,1,0,0,,,,,
fienca01,2015,1,MIN,AL,P,62,0,190,5,5,0,0,,,,,
fiersmi01,2015,1,MIL,NL,P,21,21,354,5,11,4,0,,,,,
fiersmi01,2015,2,HOU,AL,P,10,9,187,5,10,0,0,,,,,
figueco01,2015,1,NYA,AL,3B,2,2,54,0,3,1,0,,,,,
finnebr01,2015,1,KCA,AL,P,14,0,73,0,2,0,1,,,,,
finnebr01,2015,2,CIN,NL,P,6,4,71,0,4,0,0,,,,,
fistedo01,2015,1,WAS,NL,P,25,15,309,8,18,3,2,,,,,
flahery01,2015,1,BAL,AL,1B,11,8,228,92,2,0,8,,,,,
flahery01,2015,1,BAL,AL,2B,56,52,1345,88,132,1,35,,,,,
flahery01,2015,1,BAL,AL,3B,8,6,165,3,19,1,3,,,,,
flahery01,2015,1,BAL,AL,OF,6,6,138,7,0,0,0,,,,,
flahery01,2015,1,BAL,AL,SS,15,9,237,17,17,0,6,,,,,
flandyo01,2015,1,COL,NL,P,19,10,205,4,12,1,0,,,,,
floreke01,2015,1,MIA,NL,P,7,1,38,0,2,0,0,,,,,
florera02,2015,1,NYA,AL,OF,12,8,243,18,2,0,0,,,,,
florewi01,2015,1,NYN,NL,2B,37,30,877,61,92,0,22,,,,,
florewi01,2015,1,NYN,NL,SS,103,96,2507,119,267,14,62,,,,,
floripe01,2015,1,PIT,NL,2B,3,0,12,2,1,0,1,,,,,
floripe01,2015,1,PIT,NL,SS,17,4,193,10,20,2,2,,,,,
flowety01,2015,1,CHA,AL,1B,2,0,15,3,1,0,0,,,,,
flowety01,2015,1,CHA,AL,C,110,100,2635,877,63,5,10,15,,53,18,
floydga01,2015,1,CLE,AL,P,7,0,40,1,2,0,0,,,,,
foltymi01,2015,1,ATL,NL,P,18,15,260,2,5,1,1,,,,,
forsylo01,2015,1,TBA,AL,1B,26,15,415,120,6,2,10,,,,,
forsylo01,2015,1,TBA,AL,2B,126,123,3220,164,299,7,43,,,,,
forsylo01,2015,1,TBA,AL,3B,9,4,138,6,13,0,0,,,,,
fowlede01,2015,1,CHN,NL,OF,152,149,3973,337,5,4,2,,,,,
francje01,2015,1,TOR,AL,P,14,0,66,1,3,0,0,,,,,
francje02,2015,1,PHI,NL,OF,101,69,1976,150,5,7,1,,,,,
francje02,2015,1,PHI,NL,P,1,0,6,1,0,0,0,,,,,
francma02,2015,1,PHI,NL,1B,2,2,48,13,1,0,1,,,,,
francma02,2015,1,PHI,NL,3B,75,76,1992,49,119,10,11,,,,,
frandke01,2015,1,SFN,NL,1B,4,3,78,24,2,0,0,,,,,
frankni01,2015,1,TBA,AL,1B,10,5,165,46,4,2,7,,,,,
frankni01,2015,1,TBA,AL,2B,17,12,360,16,36,1,7,,,,,
frankni01,2015,1,TBA,AL,P,1,0,3,0,0,0,0,,,,,
frankni01,2015,1,TBA,AL,SS,11,5,177,7,13,2,2,,,,,
frasoja01,2015,1,KCA,AL,P,26,0,70,4,3,0,2,,,,,
frasoja01,2015,2,ATL,NL,P,6,0,14,0,1,0,0,,,,,
frazito01,2015,1,CIN,NL,3B,155,155,4114,102,274,19,21,,,,,
freemfr01,2015,1,ATL,NL,1B,117,110,2874,893,63,4,103,,,,,
freemsa01,2015,1,TEX,AL,P,54,0,115,1,5,0,0,,,,,
freesda01,2015,1,LAA,AL,3B,113,112,2741,54,179,8,13,,,,,
friasca01,2015,1,LAN,NL,P,17,13,233,16,10,0,0,,,,,
friedch01,2015,1,COL,NL,P,68,0,175,3,4,0,0,,,,,
frierer01,2015,1,TBA,AL,P,22,0,70,0,0,0,0,,,,,
fryerer01,2015,1,MIN,AL,C,15,7,207,52,0,1,1,0,,2,0,
fujikky01,2015,1,TEX,AL,P,2,0,5,0,0,0,0,,,,,
fuldsa01,2015,1,OAK,AL,OF,108,75,2117,191,11,4,3,,,,,
furbuch01,2015,1,SEA,AL,P,33,0,65,2,3,1,0,,,,,
galero01,2015,1,SDN,NL,C,6,1,51,18,0,0,0,0,,0,0,
gallayo01,2015,1,TEX,AL,P,33,33,553,17,21,1,2,,,,,
gallojo01,2015,1,TEX,AL,3B,15,13,361,8,21,5,2,,,,,
gallojo01,2015,1,TEX,AL,OF,19,15,377,21,1,0,0,,,,,
galvifr01,2015,1,PHI,NL,2B,4,3,86,9,11,0,3,,,,,
galvifr01,2015,1,PHI,NL,SS,146,144,3791,207,398,17,87,,,,,
garcefr01,2015,1,SDN,NL,P,40,1,114,1,2,0,0,,,,,
garciad01,2015,1,ATL,NL,3B,42,41,1036,23,63,10,6,,,,,
garciad01,2015,1,ATL,NL,OF,10,7,168,9,1,0,0,,,,,
garciav01,2015,1,CHA,AL,OF,130,129,3372,235,17,3,4,,,,,
garcigr01,2015,1,SLN,NL,2B,10,6,177,15,15,3,6,,,,,
garcigr01,2015,1,SLN,NL,3B,4,1,24,2,1,0,0,,,,,
garcigr01,2015,1,SLN,NL,SS,12,7,195,10,23,1,6,,,,,
garcija01,2015,1,SFN,NL,P,67,0,174,2,8,0,1,,,,,
garcija02,2015,1,SLN,NL,P,20,20,389,2,30,2,1,,,,,
garcija03,2015,1,BAL,AL,P,21,0,89,3,1,1,0,,,,,
garcile02,2015,1,CHA,AL,2B,2,0,12,0,2,0,0,,,,,
garcile02,2015,1,CHA,AL,OF,6,1,66,4,0,0,0,,,,,
garcile02,2015,1,CHA,AL,P,1,0,3,0,0,0,0,,,,,
garcile02,2015,1,CHA,AL,SS,3,0,15,0,0,1,0,,,,,
garcilu03,2015,1,PHI,NL,P,72,0,200,4,20,0,1,,,,,
garciyi01,2015,1,LAN,NL,P,59,1,170,4,5,0,1,,,,,
gardnbr01,2015,1,NYA,AL,OF,150,140,3794,265,7,2,1,,,,,
garnedu01,2015,1,COL,NL,C,22,19,541,146,10,2,0,1,,5,5,
garzama01,2015,1,MIL,NL,P,26,25,446,9,16,1,0,,,,,
gattiev01,2015,1,HOU,AL,OF,11,11,213,5,0,1,0,,,,,
gausmke01,2015,1,BAL,AL,P,25,17,337,5,13,1,0,,,,,
gearrco01,2015,1,SFN,NL,P,7,0,11,0,2,0,0,,,,,
geedi01,2015,1,NYN,NL,P,8,7,119,5,10,1,2,,,,,
geltzst01,2015,1,TBA,AL,P,70,2,202,0,6,0,1,,,,,
gennesc01,2015,1,MIL,NL,2B,108,93,2457,176,273,7,71,,,,,
gentrcr01,2015,1,OAK,AL,OF,25,16,417,35,2,2,1,,,,,
germego01,2015,1,CHN,NL,P,6,0,18,0,0,0,0,,,,,
germego01,2015,2,COL,NL,P,29,1,98,1,4,0,0,,,,,
giavojo01,2015,1,LAA,AL,2B,128,124,3284,216,307,12,64,,,,,
giavojo01,2015,1,LAA,AL,SS,1,0,3,0,0,0,0,,,,,
gibsoky01,2015,1,MIN,AL,P,32,32,584,16,27,1,3,,,,,
gileske01,2015,1,PHI,NL,P,69,0,210,1,4,1,0,,,,,
gillaco01,2015,1,CHA,AL,1B,2,0,15,4,1,0,0,,,,,
gillaco01,2015,1,CHA,AL,3B,52,50,1146,23,74,12,4,,,,,
gillaco01,2015,2,LAA,AL,2B,1,0,3,0,0,0,0,,,,,
gillaco01,2015,2,LAA,AL,3B,17,17,425,11,24,2,1,,,,,
gilleco01,2015,1,MIA,NL,OF,52,34,945,80,0,4,0,,,,,
gilmase01,2015,1,NYN,NL,P,50,1,172,2,5,0,1,,,,,
gimench01,2015,1,TEX,AL,C,36,32,837,230,13,3,3,2,,18,2,
givenmy01,2015,1,BAL,AL,P,22,0,90,3,6,0,1,,,,,
godleza01,2015,1,ARI,NL,P,9,6,110,2,3,0,1,,,,,
goedder01,2015,1,NYN,NL,P,35,0,100,1,1,0,0,,,,,
goforda01,2015,1,MIL,NL,P,20,0,74,1,5,0,0,,,,,
goinsry01,2015,1,TOR,AL,2B,66,62,1611,117,165,3,42,,,,,
goinsry01,2015,1,TOR,AL,3B,2,0,12,0,1,0,0,,,,,
goinsry01,2015,1,TOR,AL,OF,4,2,60,2,0,1,0,,,,,
goinsry01,2015,1,TOR,AL,SS,58,48,1336,86,143,4,32,,,,,
goldspa01,2015,1,ARI,NL,1B,157,155,4145,1378,123,5,129,,,,,
gomesbr01,2015,1,TBA,AL,P,63,0,177,0,6,0,0,,,,,
gomesjo01,2015,1,ATL,NL,OF,59,47,1239,64,4,0,0,,,,,
gomesjo01,2015,1,ATL,NL,P,1,0,3,0,0,0,0,,,,,
gomesjo01,2015,2,KCA,AL,OF,6,6,120,3,0,0,0,,,,,
gomesya01,2015,1,CLE,AL,C,91,90,2400,746,58,3,8,6,,39,19,
gomezca01,2015,1,MIL,NL,2B,1,0,3,0,0,0,0,,,,,
gomezca01,2015,1,MIL,NL,OF,72,71,1868,172,2,6,1,,,,,
gomezca01,2015,2,HOU,AL,OF,39,38,1011,97,3,1,2,,,,,
gomezhe01,2015,1,MIL,NL,2B,27,18,489,31,54,1,16,,,,,
gomezhe01,2015,1,MIL,NL,3B,12,4,141,5,8,1,0,,,,,
gomezhe01,2015,1,MIL,NL,OF,1,0,9,0,0,0,0,,,,,
gomezhe01,2015,1,MIL,NL,SS,8,6,171,10,17,2,5,,,,,
gomezje01,2015,1,PHI,NL,P,65,0,224,4,12,0,1,,,,,
gonzaad01,2015,1,LAN,NL,1B,149,145,3763,1267,116,6,100,,,,,
gonzaca01,2015,1,COL,NL,OF,151,142,3691,253,8,7,1,,,,,
gonzach01,2015,1,TEX,AL,P,14,10,201,4,13,0,0,,,,,
gonzagi01,2015,1,WAS,NL,P,31,31,527,9,32,0,1,,,,,
gonzama01,2015,1,HOU,AL,1B,43,20,638,203,14,1,14,,,,,
gonzama01,2015,1,HOU,AL,2B,15,9,309,17,38,1,7,,,,,
gonzama01,2015,1,HOU,AL,3B,21,16,403,7,22,2,1,,,,,
gonzama01,2015,1,HOU,AL,OF,15,12,292,21,1,1,0,,,,,
gonzama01,2015,1,HOU,AL,SS,32,29,753,34,81,3,15,,,,,
gonzama02,2015,1,SLN,NL,P,1,1,8,0,0,0,0,,,,,
gonzami03,2015,1,BAL,AL,P,26,26,434,10,14,0,3,,,,,
gonzase01,2015,1,PHI,NL,P,7,7,92,3,2,0,0,,,,,
goodyni01,2015,1,NYA,AL,P,7,0,17,1,1,0,0,,,,,
gordoal01,2015,1,KCA,AL,OF,101,100,2594,193,4,0,1,,,,,
gordode01,2015,1,MIA,NL,2B,145,144,3810,293,434,6,111,,,,,
gorete01,2015,1,KCA,AL,OF,4,0,30,0,0,0,0,,,,,
gorzeto01,2015,1,DET,AL,P,48,0,118,2,4,0,0,,,,,
gosean01,2015,1,DET,AL,OF,137,125,3360,352,4,4,1,,,,,
gosewtu01,2015,1,ARI,NL,C,37,34,934,256,24,1,0,2,,19,11,
gosseph01,2015,1,ATL,NL,2B,3,3,72,4,5,1,3,,,,,
gosseph01,2015,1,ATL,NL,3B,5,4,96,2,9,1,1,,,,,
gosseph01,2015,2,ARI,NL,2B,13,12,276,17,28,1,4,,,,,
gosseph01,2015,2,ARI,NL,3B,2,2,39,0,2,0,0,,,,,
gosseph01,2015,2,ARI,NL,OF,3,1,54,3,0,0,0,,,,,
gotttr01,2015,1,LAA,AL,P,48,0,143,4,8,0,0,,,,,
gracema02,2015,1,WAS,NL,P,26,0,51,0,4,0,0,,,,,
grahajr01,2015,1,MIN,AL,P,39,1,191,6,11,0,0,,,,,
grandcu01,2015,1,NYN,NL,OF,150,143,3875,287,9,5,1,,,,,
grandya01,2015,1,LAN,NL,1B,6,2,81,26,1,0,6,,,,,
grandya01,2015,1,LAN,NL,C,107,100,2653,811,60,3,5,8,,56,23,
graveke01,2015,1,OAK,AL,P,21,21,347,11,11,2,1,,,,,
grayjo02,2015,1,COL,NL,P,9,9,122,3,4,0,0,,,,,
grayso01,2015,1,OAK,AL,P,31,31,624,37,23,0,1,,,,,
greengr01,2015,1,LAA,AL,1B,5,2,75,22,0,0,1,,,,,
greengr01,2015,1,LAA,AL,2B,11,10,228,14,19,1,4,,,,,
greengr01,2015,1,LAA,AL,OF,1,0,3,1,0,0,0,,,,,
greengr01,2015,1,LAA,AL,SS,1,1,18,1,0,0,0,,,,,
greenni02,2015,1,SLN,NL,P,1,0,0,0,0,0,0,,,,,
greensh02,2015,1,DET,AL,P,18,16,251,4,10,2,2,,,,,
gregelu01,2015,1,HOU,AL,P,64,0,183,3,17,0,3,,,,,
greggke01,2015,1,CIN,NL,P,11,0,32,1,0,1,0,,,,,
gregodi01,2015,1,NYA,AL,SS,155,147,3990,177,430,13,77,,,,,
greinza01,2015,1,LAN,NL,P,32,32,668,19,41,2,2,,,,,
grichra01,2015,1,SLN,NL,OF,85,81,2159,151,2,3,1,,,,,
grillja01,2015,1,ATL,NL,P,36,0,101,1,3,1,0,,,,,
grimmju01,2015,1,CHN,NL,P,62,0,149,2,0,1,0,,,,,
grossro01,2015,1,HOU,AL,OF,19,14,381,18,0,0,0,,,,,
guaipma01,2015,1,SEA,AL,P,21,0,80,1,1,0,0,,,,,
guerral01,2015,1,LAN,NL,3B,22,18,449,10,34,1,3,,,,,
guerral01,2015,1,LAN,NL,OF,29,27,619,29,1,2,0,,,,,
guerrde01,2015,1,PIT,NL,P,10,0,50,4,2,0,0,,,,,
guerrja01,2015,1,CHA,AL,P,3,0,5,0,0,0,0,,,,,
guerrju02,2015,1,CHA,AL,P,3,0,12,1,2,0,1,,,,,
guilmpr01,2015,1,TBA,AL,P,3,0,16,0,1,0,0,,,,,
guilmpr01,2015,2,MIL,NL,P,2,0,6,0,0,0,0,,,,,
gurkaja01,2015,1,COL,NL,OF,1,0,3,0,0,0,0,,,,,
gurkaja01,2015,1,COL,NL,P,9,0,23,0,1,0,0,,,,,
guthrje01,2015,1,KCA,AL,P,30,24,445,13,27,1,0,,,,,
gutiefr01,2015,1,SEA,AL,OF,46,36,928,67,3,1,1,,,,,
guyerbr01,2015,1,TBA,AL,OF,110,76,2173,172,2,1,1,,,,,
gyorkje01,2015,1,SDN,NL,1B,1,0,3,2,0,0,0,,,,,
gyorkje01,2015,1,SDN,NL,2B,93,76,2141,117,230,2,46,,,,,
gyorkje01,2015,1,SDN,NL,SS,29,28,662,37,58,1,15,,,,,
hagadni01,2015,1,CLE,AL,P,36,0,82,1,3,0,0,,,,,
haguema01,2015,1,TOR,AL,1B,3,2,51,17,1,0,0,,,,,
haguema01,2015,1,TOR,AL,3B,1,0,9,0,1,0,0,,,,,
hahnje01,2015,1,OAK,AL,P,16,16,290,10,13,1,1,,,,,
haleda02,2015,1,COL,NL,P,17,12,235,5,7,0,1,,,,,
hallco01,2015,1,SFN,NL,P,7,0,25,0,0,0,0,,,,,
hamelco01,2015,1,PHI,NL,P,20,20,386,5,20,2,0,,,,,
hamelco01,2015,2,TEX,AL,P,12,12,251,5,5,0,1,,,,,
hamilbi02,2015,1,CIN,NL,OF,110,109,2927,273,8,0,1,,,,,
hamiljo03,2015,1,TEX,AL,OF,42,40,1035,70,2,0,0,,,,,
hammeja01,2015,1,CHN,NL,P,31,31,512,8,23,2,1,,,,,
handbr01,2015,1,MIA,NL,P,38,12,280,2,18,0,1,,,,,
handdo01,2015,1,CIN,NL,P,1,0,9,0,0,0,0,,,,,
hanigry01,2015,1,BOS,AL,C,53,51,1363,411,25,3,4,4,,24,12,
happja01,2015,1,SEA,AL,P,21,20,326,2,12,2,0,,,,,
happja01,2015,2,PIT,NL,P,11,11,190,2,9,0,0,,,,,
haranaa01,2015,1,PHI,NL,P,29,29,517,6,15,2,0,,,,,
hardybl01,2015,1,DET,AL,P,70,0,184,2,7,0,0,,,,,
hardyjj01,2015,1,BAL,AL,SS,114,112,2984,141,301,3,57,,,,,
harenda01,2015,1,MIA,NL,P,21,21,387,7,6,0,0,,,,,
harenda01,2015,2,CHN,NL,P,11,11,175,2,3,0,0,,,,,
harpebr03,2015,1,WAS,NL,OF,151,152,3912,297,9,7,2,,,,,
harrijo05,2015,1,PIT,NL,2B,37,24,680,45,69,2,21,,,,,
harrijo05,2015,1,PIT,NL,3B,72,57,1577,41,136,9,20,,,,,
harrijo05,2015,1,PIT,NL,OF,22,15,425,26,1,3,0,,,,,
harrima01,2015,1,TEX,AL,P,3,3,48,1,1,0,0,,,,,
harrimi03,2015,1,SLN,NL,P,26,0,81,1,3,0,0,,,,,
harriwi02,2015,1,HOU,AL,P,68,0,213,3,11,0,1,,,,,
hartco01,2015,1,PIT,NL,1B,8,7,143,39,1,3,2,,,,,
hartco01,2015,1,PIT,NL,OF,3,3,66,10,0,0,0,,,,,
harvema01,2015,1,NYN,NL,P,29,29,568,6,19,2,1,,,,,
hatchch02,2015,1,LAN,NL,P,49,0,117,3,1,0,0,,,,,
hatlema01,2015,1,SLN,NL,P,2,0,4,0,0,0,0,,,,,
hawkila01,2015,1,COL,NL,P,24,0,67,2,5,0,1,,,,,
hawkila01,2015,2,TOR,AL,P,18,0,49,0,3,0,0,,,,,
hayesbr01,2015,1,CLE,AL,C,14,9,256,74,4,1,0,0,,7,2,
headlch01,2015,1,NYA,AL,1B,1,0,3,0,0,0,0,,,,,
headlch01,2015,1,NYA,AL,3B,155,148,3960,99,302,23,25,,,,,
heanean01,2015,1,LAA,AL,P,18,18,317,3,8,0,1,,,,,
heathsl01,2015,1,NYA,AL,OF,17,6,213,20,0,0,0,,,,,
hechaad01,2015,1,MIA,NL,SS,130,129,3361,173,373,9,93,,,,,
hedgeau01,2015,1,SDN,NL,C,47,41,1052,366,26,4,1,2,,33,16,
heisech01,2015,1,LAN,NL,OF,28,17,490,27,1,0,0,,,,,
hellije01,2015,1,ARI,NL,P,27,27,438,11,19,2,0,,,,,
hembrhe01,2015,1,BOS,AL,P,22,0,76,0,1,0,0,,,,,
hendrky01,2015,1,CHN,NL,P,32,32,540,17,29,0,2,,,,,
hendrli01,2015,1,TOR,AL,P,58,0,194,4,4,0,0,,,,,
hernace02,2015,1,PHI,NL,2B,88,75,2035,132,234,6,47,,,,,
hernace02,2015,1,PHI,NL,3B,10,9,231,8,20,2,1,,,,,
hernace02,2015,1,PHI,NL,SS,12,9,259,12,26,1,4,,,,,
hernada01,2015,1,ARI,NL,P,40,0,101,3,2,1,0,,,,,
hernaen02,2015,1,LAN,NL,2B,20,15,400,36,47,0,11,,,,,
hernaen02,2015,1,LAN,NL,3B,1,1,24,0,0,0,0,,,,,
hernaen02,2015,1,LAN,NL,OF,34,24,673,45,2,1,0,,,,,
hernaen02,2015,1,LAN,NL,SS,16,11,319,11,34,2,2,,,,,
hernafe02,2015,1,SEA,AL,P,31,31,605,13,26,2,2,,,,,
hernago01,2015,1,PIT,NL,OF,6,1,51,1,0,0,0,,,,,
hernaos01,2015,1,ARI,NL,C,13,7,232,74,11,0,2,2,,1,1,
herredi01,2015,1,NYN,NL,2B,29,27,730,53,85,2,19,,,,,
herreel01,2015,1,MIL,NL,2B,36,30,763,52,99,3,14,,,,,
herreel01,2015,1,MIL,NL,3B,47,32,952,26,72,6,8,,,,,
herreel01,2015,1,MIL,NL,OF,4,0,26,4,0,0,0,,,,,
herrejo03,2015,1,CHN,NL,2B,29,16,522,39,46,2,11,,,,,
herrejo03,2015,1,CHN,NL,3B,16,9,264,6,18,1,0,,,,,
herrejo03,2015,1,CHN,NL,SS,1,0,6,0,0,0,0,,,,,
herreke01,2015,1,KCA,AL,P,72,0,209,5,6,0,0,,,,,
herreod01,2015,1,PHI,NL,OF,136,121,3195,341,5,5,1,,,,,
herrmch01,2015,1,MIN,AL,1B,2,0,12,3,1,0,2,,,,,
herrmch01,2015,1,MIN,AL,C,38,32,834,205,15,3,3,0,,11,8,
herrmch01,2015,1,MIN,AL,OF,2,0,6,0,0,0,0,,,,,
hesslke01,2015,1,ARI,NL,P,18,0,37,1,2,0,0,,,,,
hestoch01,2015,1,SFN,NL,P,31,31,533,12,24,4,3,,,,,
heywaja01,2015,1,SLN,NL,OF,147,144,3805,290,10,3,3,,,,,
hicksaa01,2015,1,MIN,AL,OF,97,95,2547,244,9,1,2,,,,,
hicksjo02,2015,1,SEA,AL,3B,1,0,6,1,0,0,0,,,,,
hicksjo02,2015,1,SEA,AL,C,14,10,266,72,10,1,1,0,,5,5,
hillaa01,2015,1,ARI,NL,2B,47,38,1027,57,118,2,21,,,,,
hillaa01,2015,1,ARI,NL,3B,38,33,876,23,57,4,8,,,,,
hillri01,2015,1,BOS,AL,P,4,4,87,1,2,1,0,,,,,
hillta01,2015,1,WAS,NL,P,6,0,36,1,1,0,0,,,,,
hinojda01,2015,1,BOS,AL,P,1,0,5,0,0,0,0,,,,,
hinojda01,2015,2,PHI,NL,P,18,0,69,1,0,0,0,,,,,
hochelu01,2015,1,KCA,AL,P,49,0,152,4,7,0,2,,,,,
hoeslj01,2015,1,HOU,AL,OF,7,4,111,6,0,0,0,,,,,
holadbr01,2015,1,DET,AL,1B,1,0,3,1,0,0,1,,,,,
holadbr01,2015,1,DET,AL,2B,1,0,3,0,0,0,0,,,,,
holadbr01,2015,1,DET,AL,C,18,15,414,112,5,0,1,0,,10,4,
hollade01,2015,1,TEX,AL,P,10,10,176,1,8,1,1,,,,,
hollagr01,2015,1,KCA,AL,P,48,0,134,1,9,0,1,,,,,
hollima01,2015,1,SLN,NL,OF,64,64,1486,85,0,0,0,,,,,
holmbda01,2015,1,CIN,NL,P,6,6,85,1,2,0,0,,,,,
holtbr01,2015,1,BOS,AL,1B,8,5,147,46,3,0,6,,,,,
holtbr01,2015,1,BOS,AL,2B,58,49,1294,67,137,4,32,,,,,
holtbr01,2015,1,BOS,AL,3B,33,24,681,16,47,3,2,,,,,
holtbr01,2015,1,BOS,AL,OF,35,30,761,67,1,0,0,,,,,
holtbr01,2015,1,BOS,AL,SS,11,7,210,11,27,2,7,,,,,
holtty01,2015,1,CLE,AL,OF,9,5,156,13,0,0,0,,,,,
holtty01,2015,2,CIN,NL,OF,5,3,87,13,0,0,0,,,,,
hoovejj01,2015,1,CIN,NL,P,67,0,193,3,8,1,0,,,,,
hosmeer01,2015,1,KCA,AL,1B,154,152,4064,1261,101,4,121,,,,,
hosmeer01,2015,1,KCA,AL,OF,1,0,9,0,0,0,0,,,,,
housead01,2015,1,MIL,NL,P,2,0,6,1,2,0,1,,,,,
housetj01,2015,1,CLE,AL,P,4,4,39,0,1,0,0,,,,,
howarry01,2015,1,PHI,NL,1B,116,112,2872,871,66,6,75,,,,,
howeljp01,2015,1,LAN,NL,P,65,0,132,7,11,0,2,,,,,
hudsoda01,2015,1,ARI,NL,P,64,1,203,5,7,1,0,,,,,
hudsoti01,2015,1,SFN,NL,P,24,22,371,7,15,0,4,,,,,
huffda01,2015,1,LAN,NL,P,3,1,18,0,3,0,0,,,,,
hugheja02,2015,1,PIT,NL,P,76,0,201,4,15,1,0,,,,,
hugheph01,2015,1,MIN,AL,P,27,25,466,5,17,0,0,,,,,
hundlni01,2015,1,COL,NL,C,102,100,2599,643,51,5,5,5,,50,26,
hunteto01,2015,1,MIN,AL,OF,123,121,3107,231,6,5,1,,,,,
hunteto02,2015,1,BAL,AL,P,39,0,134,7,5,0,1,,,,,
hunteto02,2015,2,CHN,NL,P,19,0,47,2,2,0,0,,,,,
hutchdr01,2015,1,TOR,AL,P,30,28,451,6,15,0,3,,,,,
hynesco01,2015,1,TOR,AL,P,5,0,9,0,0,0,0,,,,,
iannech01,2015,1,LAA,AL,1B,2,0,15,5,0,0,0,,,,,
iannech01,2015,1,LAA,AL,C,85,80,2156,624,44,3,3,6,,44,15,
ibarred01,2015,1,LAA,AL,P,2,0,12,0,0,0,0,,,,,
iglesjo01,2015,1,DET,AL,SS,119,115,3058,162,315,11,81,,,,,
iglesra01,2015,1,CIN,NL,P,18,16,286,12,14,2,1,,,,,
inciaen01,2015,1,ARI,NL,OF,122,116,3190,254,10,6,2,,,,,
infanom01,2015,1,KCA,AL,2B,124,121,3181,193,320,10,67,,,,,
ishiktr01,2015,1,SFN,NL,OF,1,1,15,0,0,0,0,,,,,
ishiktr01,2015,2,PIT,NL,1B,12,5,187,68,7,1,9,,,,,
ishiktr01,2015,2,PIT,NL,OF,5,4,72,2,0,0,0,,,,,
iwakuhi01,2015,1,SEA,AL,P,20,20,389,6,21,0,1,,,,,
jacksau01,2015,1,SEA,AL,OF,107,99,2697,271,2,3,1,,,,,
jacksau01,2015,2,CHN,NL,OF,28,12,449,31,1,1,1,,,,,
jacksed01,2015,1,CHN,NL,P,23,0,93,2,4,1,0,,,,,
jacksed01,2015,2,ATL,NL,P,24,0,74,0,2,0,0,,,,,
jacksja01,2015,1,SDN,NL,P,6,0,13,0,0,0,0,,,,,
jackslu01,2015,1,TEX,AL,P,7,0,19,0,0,0,0,,,,,
jacksry02,2015,1,LAA,AL,2B,17,3,141,5,12,1,1,,,,,
jacksry02,2015,1,LAA,AL,3B,2,1,35,1,2,0,0,,,,,
jacksry02,2015,1,LAA,AL,SS,3,0,12,0,1,0,0,,,,,
jaimeju01,2015,1,ATL,NL,P,2,0,4,0,1,0,0,,,,,
janispa01,2015,1,BAL,AL,2B,1,0,24,2,5,0,2,,,,,
janispa01,2015,1,BAL,AL,SS,13,9,251,16,31,0,7,,,,,
jankotr01,2015,1,SDN,NL,OF,32,27,702,49,1,1,0,,,,,
janseke01,2015,1,LAN,NL,P,54,0,157,0,2,1,0,,,,,
janssca01,2015,1,WAS,NL,P,48,0,120,4,6,0,0,,,,,
jasojo01,2015,1,TBA,AL,OF,8,7,147,2,1,0,0,,,,,
jayjo02,2015,1,SLN,NL,OF,64,53,1490,137,2,0,2,,,,,
jeffrje01,2015,1,MIL,NL,P,72,0,204,4,8,2,0,,,,,
jenkich01,2015,1,TOR,AL,P,2,0,11,0,0,0,0,,,,,
jennida01,2015,1,CHA,AL,P,53,0,169,5,9,2,1,,,,,
jennide01,2015,1,TBA,AL,OF,26,26,675,50,3,0,0,,,,,
jepseke01,2015,1,TBA,AL,P,46,0,125,2,3,1,1,,,,,
jepseke01,2015,2,MIN,AL,P,29,0,84,3,5,1,0,,,,,
jimence01,2015,1,PHI,NL,P,3,0,10,0,0,0,0,,,,,
jimence01,2015,2,MIL,NL,P,16,0,59,1,3,0,0,,,,,
jimenlu02,2015,1,MIL,NL,2B,1,0,6,0,1,0,0,,,,,
jimenlu02,2015,1,MIL,NL,3B,7,2,75,2,4,1,1,,,,,
jimenub01,2015,1,BAL,AL,P,32,32,552,7,15,1,1,,,,,
johnsbr02,2015,1,BOS,AL,P,1,1,13,0,0,0,0,,,,,
johnsch05,2015,1,ATL,NL,1B,20,14,391,108,11,1,18,,,,,
johnsch05,2015,1,ATL,NL,3B,23,20,479,9,27,3,4,,,,,
johnsch05,2015,2,CLE,AL,1B,10,10,249,74,3,0,10,,,,,
johnsch05,2015,2,CLE,AL,3B,4,4,105,0,6,0,0,,,,,
johnsda06,2015,1,SLN,NL,1B,6,4,112,34,4,0,6,,,,,
johnser04,2015,1,CHA,AL,P,6,6,105,2,2,0,0,,,,,
johnsji04,2015,1,ATL,NL,P,49,0,144,3,2,1,0,,,,,
johnsji04,2015,2,LAN,NL,P,23,0,56,1,4,0,0,,,,,
johnske05,2015,1,ATL,NL,1B,20,15,417,111,18,3,22,,,,,
johnske05,2015,1,ATL,NL,2B,1,0,9,2,0,0,0,,,,,
johnske05,2015,1,ATL,NL,3B,11,6,157,4,9,2,0,,,,,
johnske05,2015,1,ATL,NL,OF,31,27,597,45,2,2,0,,,,,
johnske05,2015,2,NYN,NL,1B,5,2,73,23,2,0,3,,,,,
johnske05,2015,2,NYN,NL,2B,27,22,603,31,61,2,9,,,,,
johnske05,2015,2,NYN,NL,3B,1,1,27,0,1,1,0,,,,,
johnske05,2015,2,NYN,NL,OF,6,3,88,5,0,0,0,,,,,
johnske05,2015,2,NYN,NL,SS,1,1,27,2,2,1,1,,,,,
johnsmi04,2015,1,CHA,AL,2B,33,32,840,58,76,3,14,,,,,
johnsre02,2015,1,WAS,NL,OF,4,2,67,5,0,0,0,,,,,
johnsst02,2015,1,BAL,AL,P,6,0,16,0,0,0,0,,,,,
jonesad01,2015,1,BAL,AL,OF,134,134,3506,317,13,3,4,,,,,
jonesga02,2015,1,NYA,AL,1B,21,10,304,103,12,0,10,,,,,
jonesga02,2015,1,NYA,AL,OF,27,18,493,34,0,0,0,,,,,
jonesga02,2015,1,NYA,AL,P,1,0,2,0,0,0,0,,,,,
jonesja06,2015,1,SEA,AL,OF,27,6,295,21,0,0,0,,,,,
jonesna01,2015,1,CHA,AL,P,19,0,57,1,3,0,0,,,,,
jordata01,2015,1,WAS,NL,P,4,1,51,1,4,0,0,,,,,
josepca01,2015,1,BAL,AL,1B,1,0,6,2,0,0,1,,,,,
josepca01,2015,1,BAL,AL,C,94,93,2479,749,45,3,3,6,,37,18,
joycema01,2015,1,LAA,AL,OF,65,58,1409,95,2,1,0,,,,,
jungmta01,2015,1,MIL,NL,P,21,21,358,11,16,1,1,,,,,
kahnlto01,2015,1,COL,NL,P,36,0,100,3,1,0,0,,,,,
kangju01,2015,1,PIT,NL,3B,77,54,1606,30,139,5,11,,,,,
kangju01,2015,1,PIT,NL,SS,60,49,1278,74,146,9,40,,,,,
karnsna01,2015,1,TBA,AL,P,27,26,441,5,13,1,0,,,,,
kawasmu01,2015,1,TOR,AL,2B,17,8,234,9,29,0,6,,,,,
kawasmu01,2015,1,TOR,AL,3B,3,2,54,1,4,0,0,,,,,
kazmisc01,2015,1,OAK,AL,P,18,18,329,1,12,2,0,,,,,
kazmisc01,2015,2,HOU,AL,P,13,13,220,3,5,5,1,,,,,
kelake01,2015,1,TEX,AL,P,68,0,181,2,6,0,0,,,,,
kellesh01,2015,1,SDN,NL,P,53,0,154,3,0,1,0,,,,,
kellyca01,2015,1,SDN,NL,P,3,2,34,0,2,0,0,,,,,
kellydo01,2015,1,MIA,NL,1B,1,0,3,0,0,0,0,,,,,
kellydo01,2015,1,MIA,NL,3B,1,1,7,0,2,0,0,,,,,
kellyjo05,2015,1,BOS,AL,P,25,25,403,20,23,4,1,,,,,
kellyry01,2015,1,ATL,NL,P,17,0,50,1,2,0,0,,,,,
kempma01,2015,1,SDN,NL,OF,149,149,3846,269,10,8,2,,,,,
kendrho01,2015,1,LAN,NL,2B,113,112,2967,193,295,5,52,,,,,
kendrky01,2015,1,COL,NL,P,27,27,427,10,18,2,2,,,,,
kenneia01,2015,1,SDN,NL,P,30,30,505,8,12,0,2,,,,,
kensilo01,2015,1,SEA,AL,P,19,0,46,0,2,0,0,,,,,
keplema01,2015,1,MIN,AL,OF,2,1,30,3,0,0,0,,,,,
kershcl01,2015,1,LAN,NL,P,33,33,698,8,45,1,1,,,,,
keuchda01,2015,1,HOU,AL,P,33,33,696,18,53,1,1,,,,,
kiermke01,2015,1,TBA,AL,OF,149,131,3566,412,15,5,3,,,,,
kimbrcr01,2015,1,SDN,NL,P,61,0,178,4,3,1,1,,,,,
kinslia01,2015,1,DET,AL,2B,153,151,3972,289,425,13,109,,,,,
kintzbr01,2015,1,MIL,NL,P,7,0,21,1,3,0,0,,,,,
kipnija01,2015,1,CLE,AL,2B,124,124,3248,203,311,7,69,,,,,
kleinph01,2015,1,TEX,AL,P,11,2,52,0,1,0,0,,,,,
klubeco01,2015,1,CLE,AL,P,32,32,666,16,25,0,2,,,,,
knebeco01,2015,1,MIL,NL,P,48,0,151,3,8,0,0,,,,,
knudsgu01,2015,1,DET,AL,P,4,0,15,0,0,0,0,,,,,
koehlto01,2015,1,MIA,NL,P,32,31,562,14,20,5,2,,,,,
kohnmi01,2015,1,ATL,NL,P,6,0,14,0,0,0,0,,,,,
kontoge01,2015,1,SFN,NL,P,73,0,220,4,7,0,1,,,,,
kozmape01,2015,1,SLN,NL,1B,1,0,3,0,0,0,0,,,,,
kozmape01,2015,1,SLN,NL,2B,17,7,196,15,24,1,5,,,,,
kozmape01,2015,1,SLN,NL,3B,13,3,190,6,19,1,0,,,,,
kozmape01,2015,1,SLN,NL,OF,1,0,21,1,0,0,0,,,,,
kozmape01,2015,1,SLN,NL,SS,31,8,336,18,42,2,6,,,,,
kratzer01,2015,1,KCA,AL,C,4,1,36,12,1,0,0,0,,2,0,
kratzer01,2015,2,PHI,NL,1B,2,2,42,15,0,0,2,,,,,
kratzer01,2015,2,PHI,NL,C,3,2,57,14,1,0,1,0,,0,1,
krausma01,2015,1,LAA,AL,1B,4,3,84,21,2,0,1,,,,,
krausma01,2015,1,LAA,AL,OF,1,0,3,1,0,0,0,,,,,
krausma01,2015,2,TBA,AL,1B,4,4,99,21,2,1,1,,,,,
krausma01,2015,3,DET,AL,1B,12,9,245,68,7,0,11,,,,,
krolia01,2015,1,DET,AL,P,33,0,84,0,4,1,1,,,,,
kubitky01,2015,1,LAA,AL,2B,2,0,6,0,0,0,0,,,,,
kubitky01,2015,1,LAA,AL,3B,13,9,255,4,14,2,1,,,,,
kubitky01,2015,1,LAA,AL,OF,2,1,21,0,0,0,0,,,,,
lackejo01,2015,1,SLN,NL,P,33,33,654,20,15,2,3,,,,,
ladenty01,2015,1,OAK,AL,2B,2,2,54,2,5,0,1,,,,,
ladenty01,2015,1,OAK,AL,3B,1,0,6,1,0,0,0,,,,,
ladenty01,2015,1,OAK,AL,OF,5,2,54,6,0,0,0,,,,,
ladenty01,2015,1,OAK,AL,SS,1,0,6,1,0,0,0,,,,,
laffeaa01,2015,1,COL,NL,P,3,0,22,0,1,0,0,,,,,
lafrobo01,2015,1,PIT,NL,P,11,0,24,0,0,0,0,,,,,
lagarju01,2015,1,NYN,NL,OF,139,106,3011,282,3,2,2,,,,,
lairdge01,2015,1,ARI,NL,C,1,1,13,3,0,0,0,0,,0,0,
lakeju01,2015,1,CHN,NL,OF,15,12,343,21,2,1,0,,,,,
lakeju01,2015,2,BAL,AL,OF,6,4,111,3,0,2,0,,,,,
lamarry01,2015,1,CIN,NL,OF,16,5,183,16,1,1,0,,,,,
lambja01,2015,1,ARI,NL,1B,8,2,87,27,2,0,2,,,,,
lambja01,2015,1,ARI,NL,3B,95,87,2348,47,203,7,14,,,,,
lambjo02,2015,1,CIN,NL,P,10,10,149,0,3,0,0,,,,,
lamboan01,2015,1,PIT,NL,OF,8,3,93,3,1,0,0,,,,,
larocad01,2015,1,CHA,AL,1B,48,44,1178,351,27,1,43,,,,,
larocad01,2015,1,CHA,AL,P,1,0,3,0,0,0,0,,,,,
lasteto01,2015,1,CHN,NL,2B,14,11,264,12,33,0,4,,,,,
lasteto01,2015,1,CHN,NL,3B,12,6,156,3,3,1,0,,,,,
latosma01,2015,1,MIA,NL,P,16,16,265,8,10,0,1,,,,,
latosma01,2015,2,LAN,NL,P,6,5,73,3,3,1,0,,,,,
latosma01,2015,3,LAA,AL,P,2,0,11,1,1,0,0,,,,,
lavarry01,2015,1,BAL,AL,C,9,8,201,55,3,1,1,1,,3,2,
lavarry01,2015,2,ATL,NL,1B,1,0,3,2,0,0,0,,,,,
lavarry01,2015,2,ATL,NL,C,21,17,476,134,5,1,0,0,,6,3,
lawribr01,2015,1,OAK,AL,2B,42,40,1083,92,114,6,28,,,,,
lawribr01,2015,1,OAK,AL,3B,109,106,2792,69,197,18,15,,,,,
layneto01,2015,1,BOS,AL,P,64,0,143,5,7,0,0,,,,,
lazora01,2015,1,MIA,NL,P,7,0,17,0,0,0,0,,,,,
leakemi01,2015,1,CIN,NL,P,21,21,410,17,24,1,1,,,,,
leakemi01,2015,2,SFN,NL,P,9,9,166,2,8,0,1,,,,,
leathja01,2015,1,NYN,NL,P,17,0,35,0,2,0,0,,,,,
lecursa01,2015,1,CIN,NL,P,19,0,60,2,2,0,0,,,,,
leech01,2015,1,CLE,AL,P,2,0,5,0,0,0,0,,,,,
leeza01,2015,1,LAN,NL,P,1,1,14,0,0,0,0,,,,,
lemahdj01,2015,1,COL,NL,2B,149,146,3852,300,452,9,120,,,,,
leonar01,2015,1,OAK,AL,P,19,0,80,4,1,0,0,,,,,
leonedo01,2015,1,SEA,AL,P,10,0,34,1,1,0,0,,,,,
leonedo01,2015,2,ARI,NL,P,3,0,11,0,0,0,0,,,,,
leonsa01,2015,1,BOS,AL,3B,1,0,3,0,0,0,0,,,,,
leonsa01,2015,1,BOS,AL,C,37,33,918,258,28,1,4,2,,10,10,
lestejo01,2015,1,CHN,NL,P,32,32,615,10,17,3,1,,,,,
lewisco01,2015,1,TEX,AL,P,33,33,614,8,10,1,0,,,,,
liberad01,2015,1,LAN,NL,P,39,0,89,1,4,0,0,,,,,
linceti01,2015,1,SFN,NL,P,15,15,229,3,7,0,0,,,,,
lindad01,2015,1,MIL,NL,1B,138,134,3491,1098,82,4,124,,,,,
lindgja01,2015,1,NYA,AL,P,7,0,21,0,1,1,0,,,,,
lindofr01,2015,1,CLE,AL,SS,98,97,2596,132,247,10,60,,,,,
liriafr01,2015,1,PIT,NL,P,31,31,560,5,24,1,1,,,,,
lizra01,2015,1,PIT,NL,P,14,0,70,2,2,0,0,,,,,
lobatjo01,2015,1,WAS,NL,C,42,38,1042,299,20,2,3,4,,23,8,
lobstky01,2015,1,DET,AL,P,13,11,191,3,10,0,0,,,,,
lockeje01,2015,1,PIT,NL,P,30,30,505,7,25,0,1,,,,,
loewead01,2015,1,PHI,NL,P,20,0,58,1,4,1,0,,,,,
loganbo02,2015,1,COL,NL,P,60,0,106,0,6,0,0,,,,,
lohseky01,2015,1,MIL,NL,P,37,22,457,8,26,1,0,,,,,
lolliry01,2015,1,SFN,NL,OF,4,3,79,4,0,0,0,,,,,
loneyja01,2015,1,TBA,AL,1B,101,92,2446,729,42,6,58,,,,,
longoev01,2015,1,TBA,AL,3B,148,147,3880,109,259,9,29,,,,,
lopezja02,2015,1,SFN,NL,P,77,0,118,4,12,0,2,,,,,
lopezjo02,2015,1,MIL,NL,P,2,2,30,0,1,0,0,,,,,
lorenmi01,2015,1,CIN,NL,P,27,21,340,13,11,0,3,,,,,
loughda01,2015,1,BAL,AL,OF,77,34,1130,78,2,0,0,,,,,
loupaa01,2015,1,TOR,AL,P,60,0,127,0,4,0,0,,,,,
lowema01,2015,1,SEA,AL,P,34,0,108,1,2,0,0,,,,,
lowema01,2015,2,TOR,AL,P,23,0,57,1,1,0,0,,,,,
lowrije01,2015,1,HOU,AL,3B,47,45,1144,25,60,3,1,,,,,
lowrije01,2015,1,HOU,AL,SS,17,16,459,21,53,0,6,,,,,
lucrojo01,2015,1,MIL,NL,1B,7,5,129,46,1,0,6,,,,,
lucrojo01,2015,1,MIL,NL,C,86,86,2235,627,53,8,8,3,,70,27,
luetglu01,2015,1,SEA,AL,P,1,0,7,0,2,0,0,,,,,
lylesjo01,2015,1,COL,NL,P,10,10,147,2,8,1,0,,,,,
lynnla01,2015,1,SLN,NL,P,31,31,526,12,14,2,1,,,,,
lyonsty01,2015,1,SLN,NL,P,17,8,180,1,9,3,0,,,,,
machadi01,2015,1,DET,AL,SS,24,20,539,37,56,2,14,,,,,
machama01,2015,1,BAL,AL,3B,156,156,4103,132,337,19,38,,,,,
machama01,2015,1,BAL,AL,SS,7,6,159,4,15,2,3,,,,,
machije01,2015,1,SFN,NL,P,33,0,105,2,7,0,0,,,,,
machije01,2015,2,BOS,AL,P,26,0,69,2,3,0,0,,,,,
madsory01,2015,1,KCA,AL,P,68,0,190,6,13,0,4,,,,,
mahtomi01,2015,1,TBA,AL,OF,36,24,677,63,1,1,1,,,,,
mailelu01,2015,1,TBA,AL,C,15,9,266,76,5,0,1,1,,0,1,
maldoma01,2015,1,MIL,NL,1B,1,0,9,2,0,0,0,,,,,
maldoma01,2015,1,MIL,NL,C,74,66,1808,561,34,9,7,3,,29,18,
manesse01,2015,1,SLN,NL,P,76,0,190,5,11,0,1,,,,,
manshje01,2015,1,CLE,AL,P,32,0,118,2,4,0,0,,,,,
marcush01,2015,1,CLE,AL,P,7,6,105,3,2,0,0,,,,,
marimsu01,2015,1,ATL,NL,P,16,0,77,0,1,0,0,,,,,
mariomi01,2015,1,KCA,AL,P,2,0,9,0,0,0,0,,,,,
marisja01,2015,1,HOU,AL,OF,126,101,2769,245,8,3,3,,,,,
markani01,2015,1,ATL,NL,OF,153,153,3991,295,4,1,0,,,,,
marksma01,2015,1,ATL,NL,P,31,0,70,1,2,1,0,,,,,
marquja01,2015,1,CIN,NL,P,9,9,142,4,5,0,0,,,,,
marrede01,2015,1,BOS,AL,2B,3,1,60,1,5,0,2,,,,,
marrede01,2015,1,BOS,AL,3B,13,10,297,3,18,1,4,,,,,
marrede01,2015,1,BOS,AL,SS,6,1,51,3,6,0,2,,,,,
marshev01,2015,1,ARI,NL,P,13,0,40,1,1,0,0,,,,,
marteal01,2015,1,LAA,AL,OF,3,1,39,2,0,0,0,,,,,
marteje01,2015,1,DET,AL,1B,22,15,367,106,11,3,9,,,,,
marteje01,2015,1,DET,AL,3B,7,4,158,2,15,1,3,,,,,
marteke01,2015,1,SEA,AL,2B,4,3,95,1,10,0,2,,,,,
marteke01,2015,1,SEA,AL,OF,2,2,42,3,0,0,0,,,,,
marteke01,2015,1,SEA,AL,SS,51,49,1321,64,150,9,31,,,,,
martest01,2015,1,PIT,NL,OF,151,143,3868,205,16,2,1,,,,,
martica04,2015,1,SLN,NL,P,31,29,539,18,26,2,3,,,,,
martich02,2015,1,NYA,AL,P,24,0,62,3,2,0,0,,,,,
martico01,2015,1,ATL,NL,P,21,0,65,1,1,0,0,,,,,
martico01,2015,2,OAK,AL,P,4,2,27,1,1,0,0,,,,,
martijd02,2015,1,DET,AL,OF,148,147,3919,265,15,2,3,,,,,
martile01,2015,1,TEX,AL,OF,92,71,2020,218,13,1,0,,,,,
martimi02,2015,1,CLE,AL,3B,1,0,3,0,1,0,0,,,,,
martimi02,2015,1,CLE,AL,OF,12,7,213,21,0,0,0,,,,,
martini01,2015,1,TEX,AL,P,24,21,375,6,13,4,2,,,,,
martira04,2015,1,WAS,NL,P,13,0,37,0,0,0,0,,,,,
martiru01,2015,1,TOR,AL,2B,2,0,9,0,1,0,0,,,,,
martiru01,2015,1,TOR,AL,C,117,113,2982,799,70,4,6,19,,40,32,
martivi01,2015,1,DET,AL,1B,10,10,258,81,5,1,13,,,,,
masseni01,2015,1,MIA,NL,P,8,0,29,1,0,0,0,,,,,
masseni01,2015,2,ATL,NL,P,20,0,46,0,0,0,0,,,,,
masteju01,2015,1,BOS,AL,P,18,9,178,6,8,1,1,,,,,
mateoma01,2015,1,SDN,NL,P,26,0,81,1,2,0,0,,,,,
mathije01,2015,1,MIA,NL,C,30,29,738,210,13,1,1,0,,11,5,
matthry01,2015,1,LAA,AL,P,1,0,3,0,0,0,0,,,,,
matthry01,2015,2,CIN,NL,P,57,0,165,3,8,4,0,,,,,
matusbr01,2015,1,BAL,AL,P,58,0,147,0,4,0,0,,,,,
matzety01,2015,1,COL,NL,P,5,5,66,1,4,0,1,,,,,
matzst01,2015,1,NYN,NL,P,6,6,107,0,6,0,1,,,,,
mauerjo01,2015,1,MIN,AL,1B,137,135,3564,1151,86,5,113,,,,,
maurebr01,2015,1,SDN,NL,P,53,0,153,0,3,1,0,,,,,
maxweju01,2015,1,SFN,NL,OF,79,59,1663,130,3,2,1,,,,,
maybejo02,2015,1,NYN,NL,OF,29,23,579,57,1,0,1,,,,,
maybica01,2015,1,ATL,NL,OF,139,126,3389,331,7,3,2,,,,,
maytr01,2015,1,MIN,AL,P,48,16,344,5,11,2,0,,,,,
mazzavi01,2015,1,MIA,NL,P,10,0,36,0,0,0,0,,,,,
mazzoco01,2015,1,SDN,NL,P,8,0,26,0,0,0,0,,,,,
mcallza01,2015,1,CLE,AL,P,61,1,207,2,3,2,0,,,,,
mcbrima02,2015,1,COL,NL,1B,4,4,99,33,2,0,3,,,,,
mcbrima02,2015,1,COL,NL,OF,5,4,90,4,0,0,0,,,,,
mccanbr01,2015,1,NYA,AL,1B,10,0,49,12,0,0,0,,,,,
mccanbr01,2015,1,NYA,AL,C,126,119,3127,980,69,7,5,1,,50,28,
mccanja02,2015,1,DET,AL,C,112,103,2830,723,54,0,5,3,,41,28,
mccarbr01,2015,1,LAN,NL,P,4,4,69,1,3,0,1,,,,,
mcculla02,2015,1,HOU,AL,P,22,22,377,11,11,1,1,,,,,
mccutan01,2015,1,PIT,NL,OF,152,151,4124,301,7,2,2,,,,,
mcfartj01,2015,1,BAL,AL,P,30,0,121,0,6,0,0,,,,,
mcgeeja01,2015,1,TBA,AL,P,39,0,112,0,2,0,0,,,,,
mcgehca01,2015,1,SFN,NL,1B,1,0,9,4,0,0,0,,,,,
mcgehca01,2015,1,SFN,NL,3B,32,31,779,17,58,5,6,,,,,
mcgehca01,2015,2,MIA,NL,1B,20,12,317,104,5,1,12,,,,,
mcgehca01,2015,2,MIA,NL,3B,10,8,210,4,7,1,0,,,,,
mcgousc01,2015,1,MIA,NL,P,6,0,20,0,1,0,0,,,,,
mcgowdu01,2015,1,PHI,NL,P,14,1,70,1,5,0,1,,,,,
mchugco01,2015,1,HOU,AL,P,32,32,611,13,31,1,1,,,,,
mckenmi01,2015,1,COL,NL,C,32,31,817,226,8,5,0,1,,30,3,
mckiran01,2015,1,ATL,NL,P,27,0,82,0,3,0,1,,,,,
medinyo01,2015,1,SEA,AL,P,12,0,36,1,0,1,0,,,,,
medinyo01,2015,2,CHN,NL,P,5,0,27,2,2,0,0,,,,,
medlekr01,2015,1,KCA,AL,P,15,8,175,4,7,0,0,,,,,
mejiaje01,2015,1,NYN,NL,P,7,0,22,2,0,0,0,,,,,
melanma01,2015,1,PIT,NL,P,78,0,230,7,16,1,1,,,,,
mendero01,2015,1,TEX,AL,P,12,0,35,1,0,0,0,,,,,
mendero01,2015,2,BOS,AL,P,3,0,6,0,1,0,0,,,,,
mercejo03,2015,1,PIT,NL,SS,115,108,2959,148,351,7,78,,,,,
mesorde01,2015,1,CIN,NL,C,6,5,153,52,2,0,0,0,,3,0,
meyeral01,2015,1,MIN,AL,P,2,0,8,1,1,0,0,,,,,
middlwi01,2015,1,SDN,NL,1B,2,1,24,10,0,0,0,,,,,
middlwi01,2015,1,SDN,NL,3B,69,60,1594,53,93,7,13,,,,,
middlwi01,2015,1,SDN,NL,SS,8,4,117,5,11,0,3,,,,,
mileywa01,2015,1,BOS,AL,P,32,32,581,7,30,1,1,,,,,
millean01,2015,1,NYA,AL,P,60,0,185,2,2,1,0,,,,,
millebr02,2015,1,SEA,AL,2B,11,5,165,13,22,1,5,,,,,
millebr02,2015,1,SEA,AL,3B,2,1,27,0,1,1,0,,,,,
millebr02,2015,1,SEA,AL,OF,35,30,759,53,1,1,0,,,,,
millebr02,2015,1,SEA,AL,SS,89,83,2251,109,269,14,56,,,,,
milleju02,2015,1,COL,NL,P,34,0,100,1,2,0,0,,,,,
millesh01,2015,1,ATL,NL,P,33,33,616,9,22,5,3,,,,,
millsbr02,2015,1,OAK,AL,P,1,1,15,0,0,0,0,,,,,
milonto01,2015,1,MIN,AL,P,24,23,386,9,16,0,0,,,,,
mitchbr01,2015,1,NYA,AL,P,20,2,89,1,3,0,0,,,,,
molinya01,2015,1,SLN,NL,C,134,131,3449,1064,56,7,9,4,,37,26,
moneljo01,2015,1,NYN,NL,C,12,9,255,60,0,0,0,0,,4,0,
montafr01,2015,1,CHA,AL,P,7,2,45,0,1,0,0,,,,,
monteje01,2015,1,SEA,AL,1B,27,25,567,181,5,1,18,,,,,
montemi01,2015,1,CHN,NL,C,109,90,2475,820,55,12,3,3,,71,18,
montera01,2015,1,NYN,NL,P,5,1,30,2,1,0,0,,,,,
montgmi01,2015,1,SEA,AL,P,16,16,270,5,10,0,2,,,,,
mooread01,2015,1,CLE,AL,C,1,1,27,4,0,0,0,0,,0,0,
moorema02,2015,1,TBA,AL,P,12,12,189,3,8,1,0,,,,,
moorety01,2015,1,WAS,NL,1B,39,23,696,216,10,0,22,,,,,
moorety01,2015,1,WAS,NL,OF,21,13,371,18,0,0,0,,,,,
moorety01,2015,1,WAS,NL,P,1,0,2,0,0,0,0,,,,,
moralfr01,2015,1,KCA,AL,P,67,0,187,4,12,1,2,,,,,
moralke01,2015,1,KCA,AL,1B,9,9,226,62,3,0,3,,,,,
morelbr01,2015,1,PIT,NL,3B,2,2,42,1,3,0,1,,,,,
morelmi01,2015,1,TEX,AL,1B,120,110,2947,975,64,4,109,,,,,
morendi01,2015,1,NYA,AL,P,4,0,31,0,1,0,0,,,,,
morgaad01,2015,1,PHI,NL,P,15,15,253,6,7,0,1,,,,,
morinmi01,2015,1,LAA,AL,P,47,0,106,2,3,1,0,,,,,
morneju01,2015,1,COL,NL,1B,44,42,1083,357,32,1,54,,,,,
morriak01,2015,1,NYN,NL,P,1,0,2,0,0,0,0,,,,,
morribr01,2015,1,MIA,NL,P,67,0,189,2,13,1,2,,,,,
morrilo01,2015,1,SEA,AL,1B,140,115,3314,1055,71,4,106,,,,,
morrilo01,2015,1,SEA,AL,OF,4,2,63,5,0,0,0,,,,,
morrobr01,2015,1,SDN,NL,P,5,5,99,3,2,0,1,,,,,
morsemi01,2015,1,MIA,NL,1B,36,35,910,316,14,0,29,,,,,
morsemi01,2015,1,MIA,NL,OF,6,6,105,6,1,0,0,,,,,
morsemi01,2015,2,PIT,NL,1B,22,15,350,113,4,0,12,,,,,
mortoch02,2015,1,PIT,NL,P,23,23,387,9,16,2,1,,,,,
moscojo01,2015,1,CIN,NL,P,3,3,35,2,1,0,0,,,,,
mossbr01,2015,1,CLE,AL,1B,10,9,258,62,9,0,4,,,,,
mossbr01,2015,1,CLE,AL,OF,79,77,2023,149,6,4,1,,,,,
mossbr01,2015,2,SLN,NL,1B,32,24,647,188,16,0,18,,,,,
mossbr01,2015,2,SLN,NL,OF,13,11,238,14,0,0,0,,,,,
motteja01,2015,1,CHN,NL,P,57,0,145,1,5,0,0,,,,,
moustmi01,2015,1,KCA,AL,3B,146,140,3762,112,257,12,21,,,,,
moyast01,2015,1,DET,AL,OF,7,5,135,12,2,0,1,,,,,
moylape01,2015,1,ATL,NL,P,22,0,31,0,2,0,0,,,,,
mujiced01,2015,1,BOS,AL,P,11,0,41,0,1,0,0,,,,,
mujiced01,2015,2,OAK,AL,P,38,0,101,1,9,2,2,,,,,
muncyma01,2015,1,OAK,AL,1B,23,17,434,137,10,2,9,,,,,
muncyma01,2015,1,OAK,AL,3B,16,10,270,5,17,4,0,,,,,
munoda01,2015,1,NYN,NL,2B,1,1,24,0,3,0,0,,,,,
munoda01,2015,1,NYN,NL,3B,5,3,90,1,5,3,1,,,,,
muratto01,2015,1,CLE,AL,P,1,1,10,0,1,0,0,,,,,
murphda07,2015,1,CLE,AL,OF,37,25,703,39,0,0,0,,,,,
murphda07,2015,1,CLE,AL,P,1,0,1,0,0,0,0,,,,,
murphda07,2015,2,LAA,AL,OF,32,31,726,53,0,0,0,,,,,
murphda08,2015,1,NYN,NL,1B,17,14,399,117,14,1,12,,,,,
murphda08,2015,1,NYN,NL,2B,69,65,1717,118,166,6,32,,,,,
murphda08,2015,1,NYN,NL,3B,42,41,1056,16,71,6,5,,,,,
murphjr01,2015,1,NYA,AL,C,65,43,1246,389,24,3,1,7,,21,8,
murphto04,2015,1,COL,NL,C,11,10,271,82,5,1,0,0,,7,1,
murraco01,2015,1,PHI,NL,P,8,0,23,0,1,0,0,,,,,
myerswi01,2015,1,SDN,NL,1B,22,19,495,158,10,0,17,,,,,
myerswi01,2015,1,SDN,NL,OF,42,37,986,72,1,0,0,,,,,
napolmi01,2015,1,BOS,AL,1B,96,90,2394,748,65,6,64,,,,,
napolmi01,2015,2,TEX,AL,1B,15,11,303,103,6,1,13,,,,,
napolmi01,2015,2,TEX,AL,OF,11,11,150,2,1,2,0,,,,,
narvech01,2015,1,MIA,NL,P,15,2,91,0,5,2,0,,,,,
nathajo01,2015,1,DET,AL,P,1,0,1,0,0,0,0,,,,,
navada01,2015,1,BOS,AL,1B,6,5,144,47,1,0,6,,,,,
navada01,2015,1,BOS,AL,OF,21,13,367,30,1,0,1,,,,,
navada01,2015,2,TBA,AL,1B,7,3,99,28,2,1,1,,,,,
navada01,2015,2,TBA,AL,OF,24,15,425,30,2,0,0,,,,,
navardi01,2015,1,TOR,AL,C,39,34,960,242,20,4,3,2,,14,9,
navaref01,2015,1,LAA,AL,1B,29,8,321,113,5,0,7,,,,,
navaref01,2015,1,LAA,AL,OF,17,11,276,22,1,0,0,,,,,
navarre01,2015,1,BAL,AL,2B,9,7,204,16,19,1,6,,,,,
negrokr01,2015,1,CIN,NL,1B,2,2,54,16,2,0,0,,,,,
negrokr01,2015,1,CIN,NL,2B,6,4,115,3,13,0,4,,,,,
negrokr01,2015,1,CIN,NL,3B,2,1,33,0,0,1,0,,,,,
negrokr01,2015,1,CIN,NL,OF,16,6,207,20,0,1,0,,,,,
negrokr01,2015,1,CIN,NL,SS,10,7,243,11,31,1,7,,,,,
nelsoji02,2015,1,MIL,NL,P,30,30,532,8,21,1,3,,,,,
nerishe01,2015,1,PHI,NL,P,32,0,121,1,3,2,0,,,,,
nesbian01,2015,1,DET,AL,P,24,0,65,2,2,0,0,,,,,
neshepa01,2015,1,HOU,AL,P,66,0,164,1,6,1,0,,,,,
nicasju01,2015,1,LAN,NL,P,53,1,175,5,7,1,0,,,,,
nicolju01,2015,1,MIA,NL,P,12,12,222,2,15,0,1,,,,,
niesejo01,2015,1,NYN,NL,P,33,29,530,7,39,1,4,,,,,
nieuwki01,2015,1,NYN,NL,OF,13,6,196,18,0,0,0,,,,,
nieuwki01,2015,2,LAA,AL,OF,10,6,180,17,0,0,0,,,,,
nieuwki01,2015,3,NYN,NL,OF,28,15,459,42,2,0,1,,,,,
nievewi01,2015,1,SDN,NL,1B,2,0,6,3,0,0,1,,,,,
nievewi01,2015,1,SDN,NL,C,4,4,96,42,2,1,0,3,,5,0,
noelri01,2015,1,NYA,AL,OF,2,0,6,1,0,0,0,,,,,
noesihe01,2015,1,CHA,AL,P,10,5,98,0,4,0,1,,,,,
nolaaa01,2015,1,PHI,NL,P,13,13,233,5,10,0,0,,,,,
nolasri01,2015,1,MIN,AL,P,9,8,112,2,1,1,0,,,,,
nolinse01,2015,1,OAK,AL,P,6,6,87,0,1,0,0,,,,,
noonani01,2015,1,SFN,NL,1B,3,2,57,24,1,0,2,,,,,
noonani01,2015,1,SFN,NL,SS,5,3,81,4,6,1,1,,,,,
norribu01,2015,1,BAL,AL,P,18,11,199,4,6,2,0,,,,,
norribu01,2015,2,SDN,NL,P,20,0,50,2,0,0,0,,,,,
norrida01,2015,1,TOR,AL,P,5,5,70,0,5,0,0,,,,,
norrida01,2015,2,DET,AL,P,8,8,110,3,3,0,1,,,,,
norride01,2015,1,SDN,NL,1B,17,15,324,108,1,2,8,,,,,
norride01,2015,1,SDN,NL,C,128,116,3122,970,79,7,7,13,,84,44,
novaiv01,2015,1,NYA,AL,P,17,17,282,4,8,2,2,,,,,
nunezed02,2015,1,MIN,AL,2B,1,1,27,3,0,0,0,,,,,
nunezed02,2015,1,MIN,AL,3B,16,9,294,7,15,2,0,,,,,
nunezed02,2015,1,MIN,AL,OF,3,2,42,4,1,1,0,,,,,
nunezed02,2015,1,MIN,AL,SS,27,23,628,32,71,0,10,,,,,
nunovi01,2015,1,ARI,NL,P,3,0,43,0,0,0,0,,,,,
nunovi01,2015,2,SEA,AL,P,32,10,224,0,13,1,1,,,,,
obergsc01,2015,1,COL,NL,P,64,0,175,6,6,0,1,,,,,
oberhbr01,2015,1,HOU,AL,P,8,8,115,3,7,0,0,,,,,
obriepe04,2015,1,ARI,NL,OF,3,1,48,1,0,0,0,,,,,
odayda01,2015,1,BAL,AL,P,68,0,196,2,4,0,1,,,,,
odorija01,2015,1,TBA,AL,P,28,28,508,4,10,0,2,,,,,
odorro01,2015,1,TEX,AL,2B,119,113,3022,207,350,17,97,,,,,
oflaher01,2015,1,OAK,AL,P,25,0,64,2,4,0,0,,,,,
oflaher01,2015,2,NYN,NL,P,16,0,26,0,1,0,0,,,,,
ogandal01,2015,1,BOS,AL,P,64,0,196,8,6,2,0,,,,,
ogandne01,2015,1,PHI,NL,P,4,0,12,1,0,0,0,,,,,
ohlenro01,2015,1,TEX,AL,P,21,0,58,0,2,0,0,,,,,
olivehe01,2015,1,ATL,NL,3B,21,21,504,15,23,4,2,,,,,
olmosed01,2015,1,SEA,AL,P,6,2,42,0,1,0,0,,,,,
olsonty01,2015,1,SEA,AL,P,11,0,40,1,1,0,1,,,,,
oltmi01,2015,1,CHN,NL,3B,6,3,84,2,5,0,0,,,,,
oltmi01,2015,2,CHA,AL,1B,5,3,96,21,2,2,1,,,,,
oltmi01,2015,2,CHA,AL,3B,20,20,489,17,21,4,1,,,,,
omallsh01,2015,1,SEA,AL,3B,3,0,18,1,1,0,0,,,,,
omallsh01,2015,1,SEA,AL,OF,16,12,342,24,0,0,0,,,,,
orlanpa01,2015,1,KCA,AL,OF,79,63,1813,129,5,4,1,,,,,
orourry01,2015,1,MIN,AL,P,28,0,66,2,2,0,0,,,,,
ortizda01,2015,1,BOS,AL,1B,9,9,180,51,5,1,2,,,,,
osichjo01,2015,1,SFN,NL,P,35,0,86,1,2,1,0,,,,,
osullse01,2015,1,PHI,NL,P,13,13,213,6,6,0,0,,,,,
osunaro01,2015,1,TOR,AL,P,68,0,209,4,4,0,0,,,,,
oteroda01,2015,1,OAK,AL,P,41,0,140,1,6,0,0,,,,,
ottavad01,2015,1,COL,NL,P,10,0,31,0,1,0,0,,,,,
owenshe02,2015,1,BOS,AL,P,11,11,189,1,6,0,1,,,,,
owingch01,2015,1,ARI,NL,2B,115,101,2756,154,289,4,65,,,,,
owingch01,2015,1,ARI,NL,SS,35,29,783,37,62,1,10,,,,,
ozunama01,2015,1,MIA,NL,OF,122,119,3142,273,5,1,0,,,,,
pachejo01,2015,1,ARI,NL,1B,2,0,21,5,0,0,0,,,,,
pachejo01,2015,1,ARI,NL,3B,1,0,3,0,0,0,0,,,,,
pachejo01,2015,1,ARI,NL,C,18,13,391,95,3,1,1,2,,9,2,
paganan01,2015,1,SFN,NL,OF,124,122,3184,258,2,4,2,,,,,
panikjo01,2015,1,SFN,NL,2B,99,95,2530,191,268,2,64,,,,,
papeljo01,2015,1,PHI,NL,P,37,0,119,3,3,2,0,,,,,
papeljo01,2015,2,WAS,NL,P,22,0,71,4,3,0,1,,,,,
paredji01,2015,1,BAL,AL,2B,6,6,155,11,17,0,2,,,,,
paredji01,2015,1,BAL,AL,3B,8,0,36,1,3,3,0,,,,,
paredji01,2015,1,BAL,AL,OF,3,1,27,2,0,0,0,,,,,
parkeja03,2015,1,SFN,NL,OF,15,12,344,19,0,0,0,,,,,
parkeky01,2015,1,COL,NL,1B,2,2,36,10,2,0,0,,,,,
parkeky01,2015,1,COL,NL,OF,32,25,628,35,0,1,0,,,,,
parmech01,2015,1,BAL,AL,1B,25,19,520,176,12,0,17,,,,,
parmech01,2015,1,BAL,AL,OF,8,7,165,16,1,1,1,,,,,
parnebo01,2015,1,NYN,NL,P,30,0,72,3,3,2,2,,,,,
parrage01,2015,1,MIL,NL,OF,89,75,2081,154,4,2,0,,,,,
parrage01,2015,2,BAL,AL,OF,55,51,1411,100,5,0,0,,,,,
parrama01,2015,1,CIN,NL,P,40,0,97,5,2,0,0,,,,,
parrian01,2015,1,OAK,AL,3B,6,0,30,0,1,0,1,,,,,
parrian01,2015,1,OAK,AL,SS,10,1,57,2,4,0,1,,,,,
pattosp01,2015,1,TEX,AL,P,27,0,72,2,3,0,1,,,,,
paulsbe01,2015,1,COL,NL,1B,91,66,1852,660,48,3,63,,,,,
paulsbe01,2015,1,COL,NL,OF,20,13,311,19,0,0,0,,,,,
paxtoja01,2015,1,SEA,AL,P,13,13,201,0,6,0,0,,,,,
pazosja01,2015,1,NYA,AL,P,11,0,15,0,1,0,0,,,,,
peacobr01,2015,1,HOU,AL,P,1,1,15,0,1,0,0,,,,,
pearcst01,2015,1,BAL,AL,1B,28,25,637,184,18,1,15,,,,,
pearcst01,2015,1,BAL,AL,2B,18,13,365,25,35,0,7,,,,,
pearcst01,2015,1,BAL,AL,OF,49,40,1085,72,4,2,0,,,,,
peavyja01,2015,1,SFN,NL,P,19,19,332,8,10,1,0,,,,,
pederjo01,2015,1,LAN,NL,OF,147,137,3669,269,5,4,1,,,,,
pedrodu01,2015,1,BOS,AL,2B,92,92,2399,165,272,6,61,,,,,
pegueca01,2015,1,TEX,AL,OF,27,17,502,36,1,0,0,,,,,
pegueca01,2015,2,BOS,AL,OF,4,1,51,5,0,0,0,,,,,
pelfrmi01,2015,1,MIN,AL,P,30,30,494,8,20,0,2,,,,,
penaar01,2015,1,MIL,NL,P,6,5,82,1,1,0,0,,,,,
penabr01,2015,1,CIN,NL,1B,5,0,39,22,1,0,1,,,,,
penabr01,2015,1,CIN,NL,C,86,84,2263,683,31,1,4,5,,58,13,
penafr01,2015,1,KCA,AL,C,8,1,63,12,0,0,0,0,,0,0,
pencehu01,2015,1,SFN,NL,OF,51,50,1323,122,4,3,2,,,,,
pennicl01,2015,1,ARI,NL,2B,11,7,227,10,25,1,4,,,,,
pennicl01,2015,1,ARI,NL,3B,12,1,79,2,6,1,0,,,,,
pennicl01,2015,1,ARI,NL,OF,5,2,87,6,1,0,0,,,,,
pennicl01,2015,1,ARI,NL,SS,24,16,472,17,60,4,13,,,,,
pennicl01,2015,2,TOR,AL,2B,22,18,483,28,56,2,10,,,,,
pennicl01,2015,2,TOR,AL,3B,6,1,48,0,5,0,0,,,,,
pennicl01,2015,2,TOR,AL,OF,3,2,48,5,0,0,0,,,,,
pennicl01,2015,2,TOR,AL,SS,5,0,25,1,1,1,1,,,,,
peralda01,2015,1,ARI,NL,OF,131,116,3128,227,3,2,0,,,,,
peraljh01,2015,1,SLN,NL,SS,148,147,3863,157,420,8,88,,,,,
peraljo01,2015,1,LAN,NL,P,33,0,87,1,0,0,0,,,,,
peralwi01,2015,1,MIL,NL,P,20,20,326,11,18,2,1,,,,,
perazjo01,2015,1,LAN,NL,2B,6,6,141,5,20,2,5,,,,,
perazjo01,2015,1,LAN,NL,OF,1,0,15,2,0,0,0,,,,,
perezca02,2015,1,LAA,AL,1B,2,0,12,4,1,0,0,,,,,
perezca02,2015,1,LAA,AL,C,80,75,1995,545,71,5,1,7,,41,25,
perezeu01,2015,1,ATL,NL,OF,36,30,836,61,3,1,0,,,,,
perezhe01,2015,1,DET,AL,1B,4,1,36,9,1,0,0,,,,,
perezhe01,2015,1,DET,AL,2B,5,1,51,5,5,0,1,,,,,
perezhe01,2015,1,DET,AL,3B,8,3,92,3,7,0,0,,,,,
perezhe01,2015,1,DET,AL,SS,3,2,60,1,2,0,0,,,,,
perezhe01,2015,2,MIL,NL,1B,3,0,21,6,1,0,1,,,,,
perezhe01,2015,2,MIL,NL,2B,14,12,274,21,28,1,4,,,,,
perezhe01,2015,2,MIL,NL,3B,72,46,1264,31,87,4,9,,,,,
perezhe01,2015,2,MIL,NL,SS,3,1,27,1,0,0,0,,,,,
perezju02,2015,1,SFN,NL,2B,1,0,6,0,0,0,0,,,,,
perezju02,2015,1,SFN,NL,OF,12,8,211,13,1,0,0,,,,,
perezma02,2015,1,TEX,AL,P,14,14,236,5,6,1,1,,,,,
perezol01,2015,1,ARI,NL,P,48,0,87,2,5,0,1,,,,,
perezol01,2015,2,HOU,AL,P,22,0,36,1,1,0,0,,,,,
perezro02,2015,1,CLE,AL,C,69,61,1615,568,42,4,2,4,,25,18,
perezsa02,2015,1,KCA,AL,1B,1,0,9,2,0,0,1,,,,,
perezsa02,2015,1,KCA,AL,C,139,137,3577,974,90,4,10,4,,66,29,
perezwi01,2015,1,ATL,NL,P,23,20,350,7,15,0,2,,,,,
perkigl01,2015,1,MIN,AL,P,60,0,171,2,7,0,0,,,,,
pestavi01,2015,1,LAA,AL,P,19,0,35,0,0,1,0,,,,,
peterja01,2015,1,ATL,NL,2B,144,137,3654,287,395,9,109,,,,,
petersh01,2015,1,MIL,NL,1B,2,1,45,16,1,1,1,,,,,
petersh01,2015,1,MIL,NL,OF,52,43,1178,94,4,3,1,,,,,
petitgr01,2015,1,NYA,AL,2B,13,11,279,24,27,1,10,,,,,
petitgr01,2015,1,NYA,AL,3B,3,2,54,1,4,1,0,,,,,
petityu01,2015,1,SFN,NL,P,42,1,228,5,9,0,0,,,,,
petrija01,2015,1,CHA,AL,P,62,0,156,1,6,0,1,,,,,
phamth01,2015,1,SLN,NL,OF,44,35,985,63,2,0,1,,,,,
phegljo01,2015,1,OAK,AL,C,68,62,1623,454,53,2,3,5,,28,18,
phelpda01,2015,1,MIA,NL,P,23,19,336,4,19,1,2,,,,,
phillbr01,2015,1,CIN,NL,2B,141,141,3684,261,394,6,79,,,,,
phillbr01,2015,1,CIN,NL,SS,1,0,3,0,0,0,0,,,,,
pierzaj01,2015,1,ATL,NL,C,107,104,2729,729,44,2,7,5,,67,21,
pillake01,2015,1,TOR,AL,OF,158,155,4146,440,10,2,1,,,,,
pimenst01,2015,1,TEX,AL,P,8,0,34,0,3,0,0,,,,,
pindebr01,2015,1,NYA,AL,P,25,0,83,2,3,0,1,,,,,
pinedmi01,2015,1,NYA,AL,P,27,27,482,9,19,2,0,,,,,
pinoyo01,2015,1,KCA,AL,P,7,1,58,0,1,2,0,,,,,
pireljo01,2015,1,NYA,AL,2B,27,19,470,36,44,4,12,,,,,
pireljo01,2015,1,NYA,AL,OF,3,2,54,2,1,0,0,,,,,
piscost01,2015,1,SLN,NL,1B,11,9,171,62,1,0,6,,,,,
piscost01,2015,1,SLN,NL,OF,61,52,1442,73,1,2,1,,,,,
plaweke01,2015,1,NYN,NL,C,70,66,1808,558,36,1,1,2,,32,11,
plouftr01,2015,1,MIN,AL,1B,17,13,354,122,11,1,7,,,,,
plouftr01,2015,1,MIN,AL,3B,140,138,3651,101,277,11,32,,,,,
polangr01,2015,1,PIT,NL,OF,149,137,3841,260,13,8,5,,,,,
polanjo01,2015,1,MIN,AL,SS,4,3,84,3,12,2,2,,,,,
polloaj01,2015,1,ARI,NL,OF,151,143,3911,347,5,3,0,,,,,
pomerdr01,2015,1,OAK,AL,P,53,9,258,2,13,1,2,,,,,
pompeda01,2015,1,TOR,AL,OF,27,24,649,58,3,2,0,,,,,
porceri01,2015,1,BOS,AL,P,28,28,516,10,19,3,3,,,,,
poseybu01,2015,1,SFN,NL,1B,42,37,971,334,19,0,35,,,,,
poseybu01,2015,1,SFN,NL,C,106,103,2705,771,67,2,4,4,,39,22,
pradoma01,2015,1,MIA,NL,2B,11,9,213,13,20,0,4,,,,,
pradoma01,2015,1,MIA,NL,3B,124,118,3102,72,218,7,28,,,,,
preslal01,2015,1,HOU,AL,OF,6,4,102,8,0,0,0,,,,,
pressry01,2015,1,MIN,AL,P,27,0,83,0,1,0,1,,,,,
priceda01,2015,1,DET,AL,P,21,21,438,9,17,2,1,,,,,
priceda01,2015,2,TOR,AL,P,11,11,223,5,6,0,0,,,,,
pridija01,2015,1,OAK,AL,OF,4,1,57,1,0,0,0,,,,,
puigya01,2015,1,LAN,NL,OF,78,71,1914,132,6,1,0,,,,,
pujolal01,2015,1,LAA,AL,1B,95,95,2412,718,55,5,57,,,,,
pujolal01,2015,1,LAA,AL,3B,1,0,3,0,0,0,0,,,,,
putnaza01,2015,1,CHA,AL,P,49,0,146,2,8,0,0,,,,,
quackke01,2015,1,SDN,NL,P,57,0,175,1,2,0,0,,,,,
quallch01,2015,1,HOU,AL,P,60,0,148,2,7,0,1,,,,,
quintjo01,2015,1,CHA,AL,P,32,32,619,2,27,0,1,,,,,
raburry01,2015,1,CLE,AL,OF,35,24,582,43,1,1,0,,,,,
raburry01,2015,1,CLE,AL,P,1,0,2,0,0,0,0,,,,,
ramiral03,2015,1,CHA,AL,P,1,0,3,0,0,0,0,,,,,
ramiral03,2015,1,CHA,AL,SS,152,151,4049,206,462,16,105,,,,,
ramirar01,2015,1,MIL,NL,3B,74,74,1756,40,119,5,14,,,,,
ramirar01,2015,2,PIT,NL,1B,5,4,90,27,1,2,5,,,,,
ramirar01,2015,2,PIT,NL,3B,48,46,1140,22,83,5,6,,,,,
ramirer02,2015,1,TBA,AL,P,34,27,490,7,19,1,2,,,,,
ramirha01,2015,1,BOS,AL,3B,1,0,12,0,0,0,0,,,,,
ramirha01,2015,1,BOS,AL,OF,92,92,2243,120,3,4,1,,,,,
ramirjc01,2015,1,ARI,NL,P,12,0,46,1,1,0,0,,,,,
ramirjc01,2015,2,SEA,AL,P,8,0,25,0,0,0,0,,,,,
ramirjo01,2015,1,CLE,AL,2B,33,27,780,34,94,2,17,,,,,
ramirjo01,2015,1,CLE,AL,3B,13,12,312,8,23,1,3,,,,,
ramirjo01,2015,1,CLE,AL,OF,2,2,42,3,0,0,0,,,,,
ramirjo01,2015,1,CLE,AL,SS,46,43,1153,46,99,8,20,,,,,
ramirjo02,2015,1,NYA,AL,P,3,0,9,0,0,0,0,,,,,
ramirjo02,2015,2,SEA,AL,P,5,0,14,0,0,0,0,,,,,
ramirne01,2015,1,CHN,NL,P,19,0,42,0,0,0,0,,,,,
ramirno01,2015,1,BOS,AL,P,17,0,39,2,0,0,0,,,,,
ramosaj01,2015,1,MIA,NL,P,71,0,211,4,8,0,1,,,,,
ramosce01,2015,1,LAA,AL,P,65,0,157,0,5,0,0,,,,,
ramoswi01,2015,1,WAS,NL,C,125,123,3235,1026,77,6,3,3,,30,24,
ranauan01,2015,1,TEX,AL,P,4,2,46,1,1,0,0,,,,,
rasmuco01,2015,1,HOU,AL,OF,131,115,3087,235,9,5,3,,,,,
rasmuco02,2015,1,LAA,AL,P,16,1,62,1,0,0,0,,,,,
rasmuro01,2015,1,TOR,AL,P,1,0,3,0,0,0,0,,,,,
rasmuro01,2015,2,SEA,AL,P,19,0,43,0,1,0,0,,,,,
ravinjo01,2015,1,LAN,NL,P,9,0,28,1,0,0,0,,,,,
rayro02,2015,1,ARI,NL,P,23,23,383,9,15,0,1,,,,,
reaco01,2015,1,SDN,NL,P,6,6,95,1,5,1,1,,,,,
realmjt01,2015,1,MIA,NL,C,118,116,3076,836,46,6,6,11,,43,16,
rearich01,2015,1,SDN,NL,P,5,0,9,0,0,0,0,,,,,
reckean01,2015,1,NYN,NL,1B,1,1,27,9,0,0,1,,,,,
reckean01,2015,1,NYN,NL,3B,1,0,3,0,0,0,0,,,,,
reckean01,2015,1,NYN,NL,C,28,23,617,171,6,1,0,1,,10,1,
reddijo01,2015,1,OAK,AL,OF,143,134,3553,258,6,5,1,,,,,
redmoto01,2015,1,TOR,AL,P,7,1,48,0,0,0,0,,,,,
reedad01,2015,1,ARI,NL,P,38,0,122,2,2,0,1,,,,,
reedad01,2015,2,NYN,NL,P,17,0,46,1,1,0,1,,,,,
reedch01,2015,1,MIA,NL,P,2,0,12,0,3,0,0,,,,,
reedmi02,2015,1,MIL,NL,OF,3,1,33,4,0,0,0,,,,,
refsnro01,2015,1,NYA,AL,2B,15,12,318,10,41,1,7,,,,,
reimono01,2015,1,BAL,AL,OF,51,41,1098,76,4,2,0,,,,,
rendoan01,2015,1,WAS,NL,2B,59,59,1482,107,137,4,35,,,,,
rendoan01,2015,1,WAS,NL,3B,28,19,596,10,36,0,4,,,,,
reverbe01,2015,1,PHI,NL,OF,91,84,2248,198,5,0,2,,,,,
reverbe01,2015,2,TOR,AL,OF,56,56,1476,97,0,0,0,,,,,
reyesjo01,2015,1,TOR,AL,SS,69,69,1774,84,177,13,38,,,,,
reyesjo01,2015,2,COL,NL,SS,47,47,1214,63,161,3,32,,,,,
reyesjo03,2015,1,LAA,AL,P,1,0,1,0,0,0,0,,,,,
reynoma01,2015,1,SLN,NL,1B,100,72,2124,680,44,6,72,,,,,
reynoma01,2015,1,SLN,NL,2B,1,0,9,1,1,0,1,,,,,
reynoma01,2015,1,SLN,NL,3B,22,17,430,7,19,3,3,,,,,
reynoma01,2015,1,SLN,NL,OF,6,5,126,10,0,0,0,,,,,
reynoma02,2015,1,ARI,NL,P,18,0,41,0,2,0,0,,,,,
richacl01,2015,1,CHN,NL,P,23,3,127,5,13,0,1,,,,,
richaga01,2015,1,LAA,AL,P,32,32,622,17,29,3,2,,,,,
riefecj01,2015,1,TBA,AL,P,17,0,44,0,1,0,0,,,,,
rienzan01,2015,1,MIA,NL,P,14,0,59,0,2,0,0,,,,,
riosal01,2015,1,KCA,AL,OF,105,105,2744,215,4,3,0,,,,,
riverfe01,2015,1,WAS,NL,P,49,0,145,2,8,0,0,,,,,
riverre01,2015,1,TBA,AL,1B,7,2,78,17,1,0,0,,,,,
riverre01,2015,1,TBA,AL,C,107,87,2354,752,60,11,5,6,,40,23,
riverya01,2015,1,MIL,NL,2B,4,2,57,5,10,1,5,,,,,
riverya01,2015,1,MIL,NL,3B,1,0,12,2,0,0,0,,,,,
riverya01,2015,1,MIL,NL,SS,2,2,48,5,8,0,3,,,,,
rizzoan01,2015,1,CHN,NL,1B,160,160,4291,1330,126,9,102,,,,,
roachdo01,2015,1,CHN,NL,P,1,1,10,0,0,0,0,,,,,
roarkta01,2015,1,WAS,NL,P,40,12,333,9,15,0,3,,,,,
roberda08,2015,1,CHA,AL,P,60,0,190,4,1,0,0,,,,,
roberda09,2015,1,LAA,AL,OF,33,15,531,51,3,0,0,,,,,
roberke02,2015,1,COL,NL,P,9,0,28,1,1,0,0,,,,,
roberke02,2015,2,PHI,NL,P,6,0,13,0,1,0,0,,,,,
robincl01,2015,1,WAS,NL,1B,44,42,1096,331,25,3,21,,,,,
robincl01,2015,1,WAS,NL,OF,37,32,808,47,0,2,0,,,,,
robincl01,2015,1,WAS,NL,P,1,0,3,0,0,0,0,,,,,
robinsh01,2015,1,MIN,AL,OF,75,48,1374,111,5,1,1,,,,,
robinsh01,2015,1,MIN,AL,P,1,0,3,0,0,0,0,,,,,
robleha01,2015,1,NYN,NL,P,57,0,162,1,4,0,0,,,,,
rodnefe01,2015,1,SEA,AL,P,54,0,152,2,4,0,0,,,,,
rodnefe01,2015,2,CHN,NL,P,14,0,36,1,3,0,0,,,,,
rodonca01,2015,1,CHA,AL,P,26,23,418,3,19,0,2,,,,,
rodrial01,2015,1,NYA,AL,1B,2,1,29,17,0,1,2,,,,,
rodrial01,2015,1,NYA,AL,3B,4,2,53,0,2,0,0,,,,,
rodried05,2015,1,BOS,AL,P,21,21,365,5,17,2,0,,,,,
rodrife02,2015,1,OAK,AL,P,56,0,176,2,4,1,0,,,,,
rodrifr03,2015,1,MIL,NL,P,60,0,171,5,2,0,0,,,,,
rodrise01,2015,1,PIT,NL,1B,102,12,980,366,15,1,37,,,,,
rodrise01,2015,1,PIT,NL,2B,7,3,103,3,16,0,4,,,,,
rodrise01,2015,1,PIT,NL,3B,8,3,104,3,12,0,2,,,,,
rodrise01,2015,1,PIT,NL,OF,29,15,475,29,0,0,0,,,,,
rodrise01,2015,1,PIT,NL,SS,3,1,39,4,3,2,2,,,,,
rodrist02,2015,1,LAN,NL,P,18,0,31,1,0,0,0,,,,,
rodriwa01,2015,1,TEX,AL,P,17,15,259,3,7,1,0,,,,,
roech01,2015,1,BAL,AL,P,36,0,124,1,3,1,0,,,,,
rogeres01,2015,1,NYA,AL,P,18,0,99,3,3,1,1,,,,,
rogerja02,2015,1,MIL,NL,1B,24,22,610,209,10,1,12,,,,,
rogerja02,2015,1,MIL,NL,3B,3,1,33,1,1,3,0,,,,,
rogerja02,2015,1,MIL,NL,OF,3,2,43,0,0,0,0,,,,,
rojasmi02,2015,1,MIA,NL,2B,9,4,108,9,7,0,1,,,,,
rojasmi02,2015,1,MIA,NL,3B,9,6,171,3,14,1,0,,,,,
rojasmi02,2015,1,MIA,NL,SS,32,26,722,33,75,1,19,,,,,
rollida01,2015,1,SEA,AL,P,20,0,75,1,3,0,1,,,,,
rolliji01,2015,1,LAN,NL,SS,134,128,3403,166,351,9,65,,,,,
romakja01,2015,1,ARI,NL,1B,1,0,9,3,0,1,0,,,,,
romakja01,2015,1,ARI,NL,OF,2,1,39,0,0,0,0,,,,,
romeren01,2015,1,TBA,AL,P,23,0,90,1,2,1,0,,,,,
romerst01,2015,1,SEA,AL,OF,12,5,175,13,0,0,0,,,,,
rominan01,2015,1,DET,AL,1B,17,6,233,73,6,1,7,,,,,
rominan01,2015,1,DET,AL,2B,13,6,191,19,25,0,11,,,,,
rominan01,2015,1,DET,AL,3B,59,9,441,14,35,2,1,,,,,
rominan01,2015,1,DET,AL,OF,2,0,9,2,0,0,0,,,,,
rominan01,2015,1,DET,AL,SS,27,22,636,48,71,4,19,,,,,
rominau01,2015,1,NYA,AL,1B,1,1,18,8,1,0,1,,,,,
romose01,2015,1,SFN,NL,P,70,0,172,4,8,0,0,,,,,
rondobr01,2015,1,DET,AL,P,35,0,93,3,5,0,0,,,,,
rondohe01,2015,1,CHN,NL,P,72,0,210,8,10,0,0,,,,,
rondojo01,2015,1,COL,NL,P,2,0,3,0,0,0,0,,,,,
rondojo01,2015,2,BAL,AL,P,8,0,40,1,1,0,0,,,,,
rosalad01,2015,1,TEX,AL,1B,19,10,267,87,6,0,11,,,,,
rosalad01,2015,1,TEX,AL,2B,19,16,415,25,49,2,14,,,,,
rosalad01,2015,1,TEX,AL,3B,14,5,177,4,12,1,0,,,,,
rosalad01,2015,1,TEX,AL,OF,1,1,24,4,0,0,0,,,,,
rosalad01,2015,1,TEX,AL,P,2,0,6,0,0,0,0,,,,,
rosared01,2015,1,MIN,AL,OF,118,116,3107,220,16,7,4,,,,,
rosarwi01,2015,1,COL,NL,1B,53,46,1134,389,22,6,38,,,,,
rosarwi01,2015,1,COL,NL,C,2,2,51,19,1,0,0,0,,0,0,
rosentr01,2015,1,SLN,NL,P,68,0,206,1,3,0,0,,,,,
rosinse01,2015,1,PHI,NL,P,1,0,6,0,1,0,0,,,,,
rossco01,2015,1,OAK,AL,OF,8,6,156,12,0,1,0,,,,,
rosscza01,2015,1,CHN,NL,P,33,0,80,1,5,0,0,,,,,
rossda01,2015,1,CHN,NL,C,59,46,1207,397,36,1,3,4,,49,17,
rossda01,2015,1,CHN,NL,P,2,0,6,0,0,0,0,,,,,
rossjo01,2015,1,WAS,NL,P,16,13,230,6,13,1,1,,,,,
rossro01,2015,1,BOS,AL,P,54,0,182,5,10,0,0,,,,,
rossty01,2015,1,SDN,NL,P,33,33,588,12,31,4,3,,,,,
ruary01,2015,1,TEX,AL,1B,4,0,24,7,0,0,0,,,,,
ruary01,2015,1,TEX,AL,OF,25,24,552,35,0,0,0,,,,,
rucindr01,2015,1,LAA,AL,P,4,1,21,0,1,0,0,,,,,
rufda01,2015,1,PHI,NL,1B,66,43,1266,416,27,3,47,,,,,
rufda01,2015,1,PHI,NL,OF,22,19,460,31,0,0,0,,,,,
ruggiju01,2015,1,SEA,AL,OF,31,15,509,40,0,1,0,,,,,
ruggiju01,2015,2,LAN,NL,OF,16,13,350,18,0,0,0,,,,,
ruizca01,2015,1,PHI,NL,C,83,81,2148,626,41,11,8,5,,46,11,
rumbeni01,2015,1,NYA,AL,P,17,0,47,0,0,0,0,,,,,
ruppca01,2015,1,PHI,NL,C,80,79,2104,524,54,4,7,7,,33,20,
rusinch01,2015,1,COL,NL,P,24,22,395,8,27,1,5,,,,,
russead02,2015,1,CHN,NL,2B,86,84,2238,151,226,9,47,,,,,
russead02,2015,1,CHN,NL,SS,61,53,1414,67,139,4,29,,,,,
russeja02,2015,1,CHN,NL,P,49,0,102,4,6,0,0,,,,,
rutlejo01,2015,1,BOS,AL,2B,30,18,526,33,53,3,14,,,,,
rutlejo01,2015,1,BOS,AL,3B,5,1,66,1,6,1,0,,,,,
ryanbr01,2015,1,NYA,AL,1B,3,0,9,4,0,0,1,,,,,
ryanbr01,2015,1,NYA,AL,2B,26,17,440,16,44,4,4,,,,,
ryanbr01,2015,1,NYA,AL,3B,14,7,213,9,14,0,3,,,,,
ryanbr01,2015,1,NYA,AL,OF,2,0,6,1,0,0,0,,,,,
ryanbr01,2015,1,NYA,AL,P,1,0,6,0,0,0,0,,,,,
ryanbr01,2015,1,NYA,AL,SS,6,5,117,9,17,1,3,,,,,
ryanky01,2015,1,DET,AL,P,16,6,169,0,8,0,1,,,,,
rzepcma01,2015,1,CLE,AL,P,45,0,61,4,2,2,1,,,,,
rzepcma01,2015,2,SDN,NL,P,27,0,44,0,2,1,0,,,,,
sabatcc01,2015,1,NYA,AL,P,29,29,502,3,7,1,0,,,,,
sadleca02,2015,1,PIT,NL,P,1,1,15,1,2,0,0,,,,,
saladty01,2015,1,CHA,AL,1B,1,0,3,3,0,0,0,,,,,
saladty01,2015,1,CHA,AL,3B,60,53,1433,39,122,5,6,,,,,
saladty01,2015,1,CHA,AL,SS,11,7,189,11,13,0,2,,,,,
salasfe01,2015,1,LAA,AL,P,72,0,191,2,10,0,1,,,,,
salazda01,2015,1,CLE,AL,P,30,30,555,11,17,3,1,,,,,
salech01,2015,1,CHA,AL,P,31,31,626,7,16,1,1,,,,,
saltaja01,2015,1,MIA,NL,C,9,8,216,54,6,2,1,0,,7,2,
saltaja01,2015,2,ARI,NL,1B,4,1,45,14,0,0,1,,,,,
saltaja01,2015,2,ARI,NL,C,38,36,951,272,18,1,0,0,,15,3,
samarje01,2015,1,CHA,AL,P,32,32,642,7,14,0,2,,,,,
sampske01,2015,1,CIN,NL,P,13,12,157,4,4,0,0,,,,,
sanchaa01,2015,1,TOR,AL,P,41,11,277,5,12,2,0,,,,,
sanchan01,2015,1,DET,AL,P,25,25,471,21,15,0,0,,,,,
sanchca01,2015,1,CHA,AL,2B,117,112,2989,229,268,5,83,,,,,
sanchhe01,2015,1,SFN,NL,C,16,11,303,69,6,0,1,2,,6,1,
sanchto01,2015,1,PIT,NL,C,2,2,52,16,3,0,0,0,,2,1,
sandopa01,2015,1,BOS,AL,3B,123,122,3104,78,200,15,19,,,,,
sandsje01,2015,1,CLE,AL,1B,11,6,212,78,4,0,2,,,,,
sandsje01,2015,1,CLE,AL,OF,37,26,687,46,1,0,0,,,,,
sanomi01,2015,1,MIN,AL,1B,2,0,15,2,0,0,0,,,,,
sanomi01,2015,1,MIN,AL,3B,9,9,231,8,15,0,0,,,,,
santaca01,2015,1,CLE,AL,1B,132,132,3471,1061,77,3,110,,,,,
santada01,2015,1,MIN,AL,OF,5,3,84,8,0,0,0,,,,,
santada01,2015,1,MIN,AL,SS,66,65,1735,92,191,16,47,,,,,
santado01,2015,1,HOU,AL,OF,13,10,299,18,0,0,0,,,,,
santado01,2015,2,MIL,NL,OF,36,34,896,60,1,3,0,,,,,
santaer01,2015,1,MIN,AL,P,17,17,324,10,14,1,2,,,,,
santihe01,2015,1,LAA,AL,P,33,32,542,4,20,0,3,,,,,
santose01,2015,1,LAN,NL,P,12,0,40,2,1,0,0,,,,,
santose01,2015,2,NYA,AL,P,2,0,9,1,0,0,0,,,,,
sardilu01,2015,1,MIL,NL,2B,16,7,256,23,32,0,12,,,,,
sardilu01,2015,1,MIL,NL,3B,3,3,72,1,4,1,1,,,,,
sardilu01,2015,1,MIL,NL,SS,14,14,362,24,45,1,10,,,,,
saundmi01,2015,1,TOR,AL,OF,9,9,226,12,3,0,0,,,,,
scahiro01,2015,1,PIT,NL,P,28,0,92,1,4,1,0,,,,,
schafjo02,2015,1,MIN,AL,OF,27,20,561,55,1,1,0,,,,,
schaflo01,2015,1,MIL,NL,OF,50,25,804,70,1,2,0,,,,,
schebsc01,2015,1,LAN,NL,OF,13,5,204,18,0,0,0,,,,,
schepta01,2015,1,TEX,AL,P,42,0,115,4,3,0,0,,,,,
scherma01,2015,1,WAS,NL,P,33,33,686,7,22,0,0,,,,,
schlibr01,2015,1,CHN,NL,P,10,0,22,0,0,0,0,,,,,
schoojo01,2015,1,BAL,AL,2B,84,82,2163,145,235,7,50,,,,,
schugaj01,2015,1,ARI,NL,P,5,0,27,0,3,1,1,,,,,
schulbo02,2015,1,TOR,AL,P,31,0,129,2,2,1,0,,,,,
schumsk01,2015,1,CIN,NL,2B,12,4,161,2,19,0,4,,,,,
schumsk01,2015,1,CIN,NL,OF,46,35,936,65,3,4,1,,,,,
schwaky01,2015,1,CHN,NL,C,21,15,408,110,7,4,1,2,,14,3,
schwaky01,2015,1,CHN,NL,OF,43,38,929,45,1,1,0,,,,,
scribev01,2015,1,OAK,AL,P,54,0,180,5,5,0,1,,,,,
scrugxa01,2015,1,SLN,NL,1B,11,10,250,73,8,1,8,,,,,
seageco01,2015,1,LAN,NL,3B,6,4,119,1,11,0,1,,,,,
seageco01,2015,1,LAN,NL,SS,21,21,576,23,70,5,12,,,,,
seageky01,2015,1,SEA,AL,3B,160,159,4263,94,352,16,37,,,,,
seageky01,2015,1,SEA,AL,SS,1,0,6,0,1,0,0,,,,,
segurje01,2015,1,MIL,NL,SS,140,139,3697,177,426,19,98,,,,,
semiema01,2015,1,OAK,AL,SS,152,147,3914,214,407,35,99,,,,,
severlu01,2015,1,NYA,AL,P,11,11,187,5,11,1,1,,,,,
severpe01,2015,1,WAS,NL,C,2,1,27,7,1,0,0,0,,0,0,
shaffri01,2015,1,TBA,AL,1B,10,8,226,64,6,0,4,,,,,
shaffri01,2015,1,TBA,AL,3B,8,4,138,6,6,1,3,,,,,
shaffri01,2015,1,TBA,AL,OF,3,1,36,2,0,0,0,,,,,
shawbr01,2015,1,CLE,AL,P,74,0,192,7,5,0,0,,,,,
shawtr01,2015,1,BOS,AL,1B,55,50,1369,419,36,3,50,,,,,
shawtr01,2015,1,BOS,AL,3B,8,5,164,5,14,0,0,,,,,
shawtr01,2015,1,BOS,AL,OF,1,0,9,0,0,0,0,,,,,
shielja02,2015,1,SDN,NL,P,33,33,607,10,30,3,2,,,,,
shoemma01,2015,1,LAA,AL,P,25,24,406,12,9,2,1,,,,,
shrevch01,2015,1,NYA,AL,P,59,0,175,3,4,0,0,,,,,
shuckja01,2015,1,CHA,AL,OF,48,29,891,75,4,0,0,,,,,
siegrke01,2015,1,SLN,NL,P,81,0,224,1,10,3,1,,,,,
simmoan01,2015,1,ATL,NL,SS,147,145,3838,235,444,8,126,,,,,
simonal01,2015,1,DET,AL,P,31,31,561,14,25,0,2,,,,,
singljo02,2015,1,HOU,AL,1B,14,10,288,107,5,1,9,,,,,
sippto01,2015,1,HOU,AL,P,60,0,163,2,7,0,0,,,,,
sizemgr01,2015,1,PHI,NL,OF,31,23,581,47,1,1,0,,,,,
sizemgr01,2015,2,TBA,AL,OF,43,33,827,67,2,2,0,,,,,
smithca02,2015,1,SEA,AL,P,70,0,210,11,6,1,0,,,,,
smithch08,2015,1,OAK,AL,P,2,0,4,0,0,0,0,,,,,
smithjo05,2015,1,LAA,AL,P,70,0,196,3,14,2,3,,,,,
smithjo07,2015,1,CIN,NL,P,9,7,98,1,1,1,0,,,,,
smithse01,2015,1,SEA,AL,OF,110,91,2393,163,6,1,1,,,,,
smithwi04,2015,1,MIL,NL,P,76,0,190,0,4,0,0,,,,,
smoakju01,2015,1,TOR,AL,1B,110,71,2061,666,44,4,74,,,,,
smolija01,2015,1,TEX,AL,OF,31,18,528,41,0,0,0,,,,,
smolija01,2015,2,OAK,AL,OF,35,32,779,48,5,0,1,,,,,
smylydr01,2015,1,TBA,AL,P,12,12,200,1,10,1,0,,,,,
snidetr01,2015,1,BAL,AL,OF,57,55,1342,105,5,1,1,,,,,
snidetr01,2015,2,PIT,NL,OF,6,5,99,8,0,0,0,,,,,
socolmi01,2015,1,SLN,NL,P,28,0,89,1,5,1,0,,,,,
sogarer01,2015,1,OAK,AL,2B,96,87,2327,168,268,5,56,,,,,
sogarer01,2015,1,OAK,AL,3B,1,1,24,0,2,0,0,,,,,
sogarer01,2015,1,OAK,AL,SS,17,14,357,22,37,1,9,,,,,
solando01,2015,1,MIA,NL,2B,7,3,117,8,14,2,1,,,,,
solando01,2015,1,MIA,NL,3B,10,4,174,1,15,0,0,,,,,
solando01,2015,1,MIA,NL,SS,10,7,198,4,18,1,4,,,,,
solanjh01,2015,1,MIA,NL,C,6,6,158,39,2,0,1,0,,12,1,
solarya01,2015,1,SDN,NL,1B,28,25,657,180,16,4,21,,,,,
solarya01,2015,1,SDN,NL,2B,19,14,362,23,34,1,4,,,,,
solarya01,2015,1,SDN,NL,3B,92,85,2223,44,130,6,11,,,,,
solerjo01,2015,1,CHN,NL,OF,95,93,2477,144,4,1,1,,,,,
solissa01,2015,1,WAS,NL,P,18,0,64,3,4,0,0,,,,,
soriajo01,2015,1,DET,AL,P,43,0,123,1,9,0,1,,,,,
soriajo01,2015,2,PIT,NL,P,29,0,80,1,0,0,0,,,,,
soriara01,2015,1,CHN,NL,P,6,0,17,0,1,0,0,,,,,
sotoge01,2015,1,CHA,AL,C,73,53,1462,398,24,5,1,5,,21,9,
sotogi01,2015,1,CLE,AL,P,6,0,10,0,0,0,0,,,,,
souzast01,2015,1,TBA,AL,OF,103,101,2652,172,8,2,3,,,,,
spande01,2015,1,WAS,NL,OF,61,61,1569,149,3,1,3,,,,,
spangco01,2015,1,SDN,NL,2B,70,67,1666,87,173,4,39,,,,,
spangco01,2015,1,SDN,NL,3B,19,14,393,2,25,0,0,,,,,
spangco01,2015,1,SDN,NL,OF,4,0,33,0,0,0,0,,,,,
springe01,2015,1,HOU,AL,OF,102,101,2656,189,6,3,3,,,,,
stammcr01,2015,1,WAS,NL,P,5,0,12,0,0,0,0,,,,,
stanlco01,2015,1,SLN,NL,C,2,0,18,7,0,0,0,0,,0,0,
stantmi03,2015,1,MIA,NL,OF,71,71,1877,149,6,3,3,,,,,
stassma01,2015,1,HOU,AL,C,10,4,129,39,1,0,1,0,,3,2,
staufti01,2015,1,MIN,AL,P,13,0,45,0,4,0,0,,,,,
staufti01,2015,2,NYN,NL,P,5,0,17,0,1,0,1,,,,,
stewach01,2015,1,PIT,NL,C,52,36,1118,328,37,9,2,1,,41,13,
stitema01,2015,1,ARI,NL,P,11,0,26,0,2,0,0,,,,,
storedr01,2015,1,WAS,NL,P,58,0,165,3,7,0,0,,,,,
straida01,2015,1,HOU,AL,P,4,3,50,1,1,0,0,,,,,
strasst01,2015,1,WAS,NL,P,23,23,382,3,9,2,0,,,,,
straury01,2015,1,TEX,AL,OF,19,14,384,21,1,1,1,,,,,
streehu01,2015,1,LAA,AL,P,62,0,187,3,9,0,1,,,,,
strichu01,2015,1,SFN,NL,P,55,0,154,2,7,0,0,,,,,
stromma01,2015,1,TOR,AL,P,4,4,81,5,5,0,0,,,,,
stroppe01,2015,1,CHN,NL,P,76,0,204,2,6,0,0,,,,,
stubbdr01,2015,1,COL,NL,OF,40,21,651,49,2,0,0,,,,,
stubbdr01,2015,2,TEX,AL,OF,24,5,223,11,0,0,0,,,,,
stulter01,2015,1,ATL,NL,P,9,8,143,3,3,0,0,,,,,
suareeu01,2015,1,CIN,NL,3B,1,0,3,0,0,0,0,,,,,
suareeu01,2015,1,CIN,NL,SS,96,95,2524,147,265,19,59,,,,,
sucreje01,2015,1,SEA,AL,C,50,43,1138,349,28,3,5,3,,13,13,
sucreje01,2015,1,SEA,AL,P,2,0,6,0,0,0,0,,,,,
surkaer01,2015,1,LAN,NL,P,1,0,10,0,0,0,0,,,,,
susacan01,2015,1,SFN,NL,C,40,33,908,222,18,4,3,3,,29,6,
suzukic01,2015,1,MIA,NL,OF,109,88,2469,217,5,0,0,,,,,
suzukic01,2015,1,MIA,NL,P,1,0,3,0,0,0,0,,,,,
suzukku01,2015,1,MIN,AL,C,130,123,3288,825,35,3,8,3,,80,14,
swarzan01,2015,1,CLE,AL,P,10,0,40,0,2,0,0,,,,,
sweenda02,2015,1,PHI,NL,2B,9,8,200,14,13,2,4,,,,,
sweenda02,2015,1,PHI,NL,3B,1,0,6,0,0,0,0,,,,,
sweenda02,2015,1,PHI,NL,OF,14,13,329,21,1,1,0,,,,,
swihabl01,2015,1,BOS,AL,C,83,78,2064,570,39,3,4,16,,41,16,
swishni01,2015,1,CLE,AL,OF,1,1,24,0,0,1,0,,,,,
swishni01,2015,2,ATL,NL,1B,12,10,255,85,4,0,12,,,,,
swishni01,2015,2,ATL,NL,OF,26,25,600,48,1,1,0,,,,,
syndeno01,2015,1,NYN,NL,P,24,24,450,8,11,2,0,,,,,
szczuma01,2015,1,CHN,NL,OF,33,12,433,24,0,0,0,,,,,
tabatjo01,2015,1,PIT,NL,OF,8,5,130,7,0,0,0,,,,,
tanakma01,2015,1,NYA,AL,P,24,24,462,11,19,0,2,,,,,
tartatr01,2015,1,SLN,NL,C,3,0,24,9,0,0,0,0,,0,0,
tayloch03,2015,1,SEA,AL,2B,4,2,60,5,1,1,1,,,,,
tayloch03,2015,1,SEA,AL,3B,1,0,3,0,0,0,0,,,,,
tayloch03,2015,1,SEA,AL,SS,28,25,694,33,71,3,11,,,,,
taylomi02,2015,1,WAS,NL,OF,132,121,3302,302,6,3,1,,,,,
tazawju01,2015,1,BOS,AL,P,61,0,176,1,4,0,2,,,,,
teafoev01,2015,1,TBA,AL,P,4,0,17,0,1,0,0,,,,,
teagata01,2015,1,CHN,NL,C,6,3,102,30,3,0,0,0,,2,0,
teherju01,2015,1,ATL,NL,P,33,33,602,16,30,1,5,,,,,
teixema01,2015,1,NYA,AL,1B,108,105,2741,897,48,3,76,,,,,
tejadru01,2015,1,NYN,NL,2B,13,11,294,14,32,0,8,,,,,
tejadru01,2015,1,NYN,NL,3B,19,18,469,14,36,2,4,,,,,
tejadru01,2015,1,NYN,NL,SS,81,65,1854,78,189,5,36,,,,,
telisto01,2015,1,TEX,AL,C,4,2,58,14,1,1,0,0,,2,0,
telisto01,2015,2,MIA,NL,C,7,3,93,28,1,0,0,0,,1,1,
teperry01,2015,1,TOR,AL,P,32,0,99,0,4,0,1,,,,,
terdojo01,2015,1,ATL,NL,1B,12,11,288,87,10,0,12,,,,,
terdojo01,2015,1,ATL,NL,OF,2,0,4,0,0,0,0,,,,,
thatcjo01,2015,1,HOU,AL,P,43,0,68,0,3,0,0,,,,,
thayeda01,2015,1,SDN,NL,P,38,0,113,0,2,0,0,,,,,
thielca01,2015,1,MIN,AL,P,6,0,15,1,1,0,0,,,,,
tholejo01,2015,1,TOR,AL,C,18,15,381,87,3,1,0,4,,6,0,
thomaia01,2015,1,ATL,NL,P,5,0,16,1,0,0,0,,,,,
thomaia01,2015,2,LAN,NL,P,9,1,54,1,1,1,0,,,,,
thompaa01,2015,1,MIN,AL,P,41,0,97,4,7,0,0,,,,,
thomptr01,2015,1,CHA,AL,OF,39,32,886,68,0,1,0,,,,,
thornma01,2015,1,WAS,NL,P,60,0,124,2,8,0,1,,,,,
thornty01,2015,1,MIL,NL,P,24,0,103,3,1,0,0,,,,,
tillmch01,2015,1,BAL,AL,P,31,31,519,7,18,1,0,,,,,
tollesh01,2015,1,TEX,AL,P,73,0,217,2,10,0,0,,,,,
tollest01,2015,1,TOR,AL,2B,11,8,222,12,23,0,3,,,,,
tollest01,2015,1,TOR,AL,OF,4,2,54,1,0,1,0,,,,,
tollest01,2015,1,TOR,AL,SS,4,2,66,0,6,0,0,,,,,
tomasya01,2015,1,ARI,NL,1B,4,2,42,12,1,0,2,,,,,
tomasya01,2015,1,ARI,NL,3B,31,31,816,22,45,6,5,,,,,
tomasya01,2015,1,ARI,NL,OF,63,59,1484,113,3,3,0,,,,,
tomlijo01,2015,1,CLE,AL,P,10,10,197,7,5,0,0,,,,,
tomlike01,2015,1,SFN,NL,2B,50,46,1182,82,130,4,30,,,,,
tomlike01,2015,1,SFN,NL,SS,1,0,6,0,0,0,0,,,,,
tonkimi01,2015,1,MIN,AL,P,26,0,70,2,4,0,0,,,,,
torreal01,2015,1,NYN,NL,P,39,0,103,4,3,0,0,,,,,
torreca01,2015,1,NYN,NL,P,59,0,173,5,17,0,1,,,,,
torrero01,2015,1,LAN,NL,2B,4,0,36,2,4,0,1,,,,,
torrero01,2015,1,LAN,NL,3B,3,0,15,0,0,0,0,,,,,
tracyma01,2015,1,NYA,AL,P,1,0,6,0,0,0,0,,,,,
travide01,2015,1,TOR,AL,2B,62,60,1531,112,171,6,39,,,,,
treinbl01,2015,1,WAS,NL,P,60,0,203,4,12,3,2,,,,,
tropeni01,2015,1,LAA,AL,P,8,7,113,2,2,1,0,,,,,
troutmi01,2015,1,LAA,AL,OF,156,155,4088,428,7,0,1,,,,,
trumbma01,2015,1,ARI,NL,1B,1,1,21,5,1,0,1,,,,,
trumbma01,2015,1,ARI,NL,OF,42,40,1034,67,2,1,0,,,,,
trumbma01,2015,2,SEA,AL,1B,22,19,435,150,7,1,12,,,,,
trumbma01,2015,2,SEA,AL,OF,46,42,976,57,2,3,0,,,,,
tsaoch01,2015,1,LAN,NL,P,5,0,21,0,0,0,0,,,,,
tuckepr01,2015,1,HOU,AL,OF,90,74,1965,121,2,1,0,,,,,
tuivasa01,2015,1,SLN,NL,P,14,0,44,2,2,0,0,,,,,
tulowtr01,2015,1,COL,NL,SS,82,81,2056,107,241,8,59,,,,,
tulowtr01,2015,2,TOR,AL,SS,39,39,1020,46,120,0,26,,,,,
turneju01,2015,1,LAN,NL,1B,10,6,179,53,5,1,6,,,,,
turneju01,2015,1,LAN,NL,2B,5,3,82,1,10,0,2,,,,,
turneju01,2015,1,LAN,NL,3B,100,88,2322,39,175,9,18,,,,,
turneju01,2015,1,LAN,NL,SS,1,1,18,2,2,1,1,,,,,
turnetr01,2015,1,WAS,NL,2B,12,6,176,19,22,1,5,,,,,
turnetr01,2015,1,WAS,NL,SS,6,2,77,3,4,1,2,,,,,
ueharko01,2015,1,BOS,AL,P,43,0,121,2,2,0,0,,,,,
ugglada01,2015,1,WAS,NL,1B,1,0,3,0,0,0,0,,,,,
ugglada01,2015,1,WAS,NL,2B,31,21,694,39,62,2,9,,,,,
uptonbj01,2015,1,SDN,NL,OF,63,47,1324,116,6,1,0,,,,,
uptonju01,2015,1,SDN,NL,OF,146,145,3781,235,9,3,0,,,,,
urenajo01,2015,1,MIA,NL,P,20,9,185,0,12,0,1,,,,,
uribeju01,2015,1,LAN,NL,3B,24,22,552,9,44,1,3,,,,,
uribeju01,2015,2,ATL,NL,2B,1,1,18,2,2,0,0,,,,,
uribeju01,2015,2,ATL,NL,3B,42,37,1012,18,79,6,14,,,,,
uribeju01,2015,3,NYN,NL,2B,7,6,143,6,12,0,4,,,,,
uribeju01,2015,3,NYN,NL,3B,26,22,636,7,46,2,1,,,,,
urruthe01,2015,1,BAL,AL,OF,8,8,219,14,1,0,0,,,,,
urshegi01,2015,1,CLE,AL,3B,80,76,2046,41,145,6,17,,,,,
utleych01,2015,1,PHI,NL,1B,4,2,57,19,2,0,2,,,,,
utleych01,2015,1,PHI,NL,2B,62,62,1561,100,149,6,32,,,,,
utleych01,2015,2,LAN,NL,1B,2,1,30,12,2,0,0,,,,,
utleych01,2015,2,LAN,NL,2B,26,25,693,54,81,2,21,,,,,
utleych01,2015,2,LAN,NL,3B,3,3,75,1,8,0,0,,,,,
valbulu01,2015,1,HOU,AL,1B,31,27,651,205,13,1,12,,,,,
valbulu01,2015,1,HOU,AL,2B,1,0,3,0,2,0,0,,,,,
valbulu01,2015,1,HOU,AL,3B,99,93,2505,54,168,6,20,,,,,
valdejo02,2015,1,MIA,NL,OF,1,1,27,1,0,0,0,,,,,
valdejo03,2015,1,DET,AL,P,7,0,27,0,0,0,0,,,,,
valenda01,2015,1,TOR,AL,1B,5,1,47,12,2,0,0,,,,,
valenda01,2015,1,TOR,AL,2B,3,0,32,2,3,0,1,,,,,
valenda01,2015,1,TOR,AL,3B,10,9,249,7,16,0,1,,,,,
valenda01,2015,1,TOR,AL,OF,37,28,711,48,0,1,0,,,,,
valenda01,2015,2,OAK,AL,3B,45,45,1206,30,93,3,9,,,,,
vanslsc01,2015,1,LAN,NL,1B,21,8,284,95,6,1,10,,,,,
vanslsc01,2015,1,LAN,NL,OF,74,44,1278,81,8,2,1,,,,,
vargaja01,2015,1,KCA,AL,P,9,9,129,1,6,0,1,,,,,
vargake01,2015,1,MIN,AL,1B,18,14,384,131,10,0,14,,,,,
varvaan01,2015,1,BOS,AL,P,9,0,33,2,1,0,0,,,,,
vealdo01,2015,1,ATL,NL,P,5,0,13,0,1,0,0,,,,,
velasvi01,2015,1,HOU,AL,P,19,7,167,4,3,0,3,,,,,
venabwi01,2015,1,SDN,NL,OF,76,68,1842,140,3,1,0,,,,,
venabwi01,2015,2,TEX,AL,OF,34,13,539,31,1,0,0,,,,,
vendipa01,2015,1,OAK,AL,P,26,0,86,1,3,0,0,,,,,
ventuyo01,2015,1,KCA,AL,P,28,28,490,15,16,2,1,,,,,
verhadr01,2015,1,DET,AL,P,20,0,79,2,4,0,0,,,,,
verlaju01,2015,1,DET,AL,P,20,20,400,8,6,3,1,,,,,
verrelo01,2015,1,TEX,AL,P,4,0,27,3,2,0,1,,,,,
verrelo01,2015,2,NYN,NL,P,14,4,116,4,1,0,1,,,,,
victosh01,2015,1,BOS,AL,OF,32,26,703,57,1,0,1,,,,,
victosh01,2015,2,LAA,AL,OF,33,24,648,47,5,2,1,,,,,
villaca01,2015,1,SLN,NL,P,35,0,183,3,4,0,0,,,,,
villajo01,2015,1,HOU,AL,2B,3,0,19,0,1,0,0,,,,,
villajo01,2015,1,HOU,AL,3B,12,8,247,10,15,4,3,,,,,
villajo01,2015,1,HOU,AL,OF,7,2,77,6,0,0,0,,,,,
villajo01,2015,1,HOU,AL,SS,22,18,499,21,62,5,15,,,,,
villape01,2015,1,CIN,NL,P,29,0,150,6,1,0,0,,,,,
vinceni01,2015,1,SDN,NL,P,26,0,69,0,1,1,1,,,,,
vizcaar01,2015,1,ATL,NL,P,36,0,101,2,2,0,0,,,,,
vogelry01,2015,1,SFN,NL,P,33,22,405,7,13,0,1,,,,,
vogtst01,2015,1,OAK,AL,1B,25,20,541,182,14,2,18,,,,,
vogtst01,2015,1,OAK,AL,C,100,89,2409,658,41,3,4,9,,43,20,
volqued01,2015,1,KCA,AL,P,34,33,601,7,13,2,0,,,,,
volstch01,2015,1,PIT,NL,P,1,0,6,0,0,0,0,,,,,
vottojo01,2015,1,CIN,NL,1B,156,156,4132,1212,139,9,122,,,,,
wachami01,2015,1,SLN,NL,P,30,30,544,18,29,3,0,,,,,
wadats01,2015,1,CHN,NL,P,8,7,97,1,2,0,0,,,,,
wagnety01,2015,1,MIL,NL,P,3,3,41,1,2,0,0,,,,,
wainwad01,2015,1,SLN,NL,P,7,4,84,4,3,0,0,,,,,
waldejo01,2015,1,SLN,NL,P,12,0,31,0,0,0,0,,,,,
walkech02,2015,1,BAL,AL,1B,2,0,12,7,0,0,1,,,,,
walkene01,2015,1,PIT,NL,2B,146,135,3674,236,418,7,103,,,,,
walketa01,2015,1,SEA,AL,P,29,29,509,12,19,4,1,,,,,
wallabr01,2015,1,SDN,NL,1B,17,9,297,87,4,0,8,,,,,
wallabr01,2015,1,SDN,NL,3B,5,1,42,0,4,1,0,,,,,
walteza01,2015,1,CLE,AL,2B,2,1,36,1,3,0,1,,,,,
walteza01,2015,1,CLE,AL,3B,2,2,33,1,1,2,0,,,,,
walteza01,2015,1,CLE,AL,OF,4,1,62,3,0,0,0,,,,,
walteza01,2015,1,CLE,AL,SS,2,1,33,1,2,0,0,,,,,
warread01,2015,1,NYA,AL,P,43,17,394,6,14,1,1,,,,,
watsoto01,2015,1,PIT,NL,P,77,0,226,5,12,0,1,,,,,
weaveje02,2015,1,LAA,AL,P,26,26,477,13,16,3,0,,,,,
webbda01,2015,1,CHA,AL,P,27,0,90,1,4,1,0,,,,,
webbry01,2015,1,CLE,AL,P,40,0,152,1,15,0,0,,,,,
weberry01,2015,1,ATL,NL,P,5,5,85,5,4,1,1,,,,,
webstal01,2015,1,ARI,NL,P,9,5,93,2,4,1,1,,,,,
weeksje01,2015,1,BOS,AL,2B,3,2,66,6,7,0,2,,,,,
weeksri01,2015,1,SEA,AL,OF,19,10,267,12,0,1,0,,,,,
werthja01,2015,1,WAS,NL,OF,86,84,2162,113,3,2,0,,,,,
westma03,2015,1,LAN,NL,P,2,0,9,1,1,0,1,,,,,
whitlch01,2015,1,NYA,AL,P,4,4,58,3,3,1,0,,,,,
wielajo01,2015,1,LAN,NL,P,2,2,26,1,1,0,0,,,,,
wietema01,2015,1,BAL,AL,1B,3,2,54,22,1,0,2,,,,,
wietema01,2015,1,BAL,AL,C,55,55,1456,423,23,5,3,2,,18,8,
wilheto01,2015,1,SEA,AL,P,53,0,186,6,9,0,2,,,,,
wilkad01,2015,1,LAA,AL,P,1,0,6,0,0,0,0,,,,,
willija01,2015,1,SFN,NL,C,7,3,93,21,4,0,0,1,,1,1,
willije02,2015,1,PHI,NL,P,33,21,363,5,9,0,0,,,,,
willima07,2015,1,NYA,AL,OF,8,7,159,13,0,0,0,,,,,
willima08,2015,1,SFN,NL,OF,7,7,184,16,0,0,0,,,,,
wilsoal01,2015,1,DET,AL,P,59,1,210,9,9,1,0,,,,,
wilsobo02,2015,1,TBA,AL,C,24,16,455,153,11,0,1,0,,15,6,
wilsobo02,2015,2,TEX,AL,C,31,25,665,170,12,2,0,2,,13,4,
wilsocj01,2015,1,LAA,AL,P,21,21,396,4,20,2,1,,,,,
wilsojo03,2015,1,DET,AL,2B,11,3,124,6,12,0,3,,,,,
wilsojo03,2015,1,DET,AL,3B,10,3,123,3,5,2,1,,,,,
wilsojo03,2015,1,DET,AL,P,1,0,3,0,0,0,0,,,,,
wilsojo03,2015,1,DET,AL,SS,2,2,48,1,6,0,1,,,,,
wilsoju10,2015,1,NYA,AL,P,74,0,183,1,4,1,1,,,,,
wilsoty01,2015,1,BAL,AL,P,9,5,108,2,4,0,1,,,,,
winklda01,2015,1,ATL,NL,P,2,0,5,1,0,0,0,,,,,
wislema01,2015,1,ATL,NL,P,20,19,327,9,14,0,1,,,,,
wojcias01,2015,1,HOU,AL,P,5,3,49,0,1,1,0,,,,,
wolfra02,2015,1,DET,AL,P,8,7,104,3,5,0,0,,,,,
wongko01,2015,1,SLN,NL,2B,147,140,3836,312,410,17,107,,,,,
woodal02,2015,1,ATL,NL,P,20,20,358,2,14,2,2,,,,,
woodal02,2015,2,LAN,NL,P,12,12,211,2,13,0,1,,,,,
woodtr01,2015,1,CHN,NL,P,54,9,302,3,7,0,1,,,,,
wootero01,2015,1,MIL,NL,P,4,0,18,1,2,0,0,,,,,
worleva01,2015,1,PIT,NL,P,23,8,215,1,14,0,2,,,,,
wrighda03,2015,1,NYN,NL,3B,38,38,1013,23,55,4,2,,,,,
wrighmi01,2015,1,BAL,AL,P,12,9,134,2,3,0,0,,,,,
wrighst01,2015,1,BOS,AL,P,16,9,218,4,12,1,1,,,,,
wrighwe01,2015,1,BAL,AL,P,2,0,5,0,1,0,0,,,,,
wrighwe01,2015,2,LAA,AL,P,9,0,17,2,0,0,0,,,,,
yateski01,2015,1,TBA,AL,P,20,0,61,0,2,1,0,,,,,
yelicch01,2015,1,MIA,NL,OF,124,122,3208,256,6,2,1,,,,,
ynoara01,2015,1,COL,NL,2B,5,3,78,1,10,0,2,,,,,
ynoara01,2015,1,COL,NL,3B,10,2,90,1,5,1,0,,,,,
ynoara01,2015,1,COL,NL,OF,19,13,338,22,2,1,0,,,,,
ynoara01,2015,1,COL,NL,SS,8,1,78,3,14,0,3,,,,,
youngch03,2015,1,KCA,AL,P,34,18,370,4,10,1,0,,,,,
youngch04,2015,1,NYA,AL,OF,129,77,2345,166,4,1,0,,,,,
youngde03,2015,1,BAL,AL,OF,42,39,1001,62,8,2,0,,,,,
younger03,2015,1,ATL,NL,OF,22,17,459,45,0,0,0,,,,,
younger03,2015,2,NYN,NL,OF,7,1,54,5,0,0,0,,,,,
zieglbr01,2015,1,ARI,NL,P,66,0,204,4,10,2,0,,,,,
zimmejo02,2015,1,WAS,NL,P,33,33,605,16,29,2,1,,,,,
zimmery01,2015,1,WAS,NL,1B,93,92,2377,726,49,4,63,,,,,
zimmery01,2015,1,WAS,NL,OF,1,0,3,0,0,0,0,,,,,
zitoba01,2015,1,OAK,AL,P,3,2,21,1,2,0,1,,,,,
zobribe01,2015,1,OAK,AL,2B,34,33,870,61,103,0,32,,,,,
zobribe01,2015,1,OAK,AL,OF,29,26,643,39,0,3,0,,,,,
zobribe01,2015,2,KCA,AL,2B,35,33,899,56,82,3,21,,,,,
zobribe01,2015,2,KCA,AL,3B,4,3,72,2,4,0,0,,,,,
zobribe01,2015,2,KCA,AL,OF,20,20,499,36,1,1,0,,,,,
zuninmi01,2015,1,SEA,AL,C,112,101,2759,809,44,5,6,6,,42,22,
zychto01,2015,1,SEA,AL,P,13,1,55,0,3,0,0,,,,,